Workbook

Sheet Menu
H12: Detalhes da Copa do Mundo 2026
I13: 5182
H15: 48 seleções nacionais confirmadas
H16: Estreantes: Cabo Verde, Curaçao, Haiti, Jordânia e Uzbequistão
H18: UEFA (Europa): 16 países
H19: CAF (África): 9 países
H20: AFC (Ásia): 8 países
H21: CONMEBOL (América do Sul): 6 países
H22: CONCACAF (América do Norte, Central e Caribe): 6 países
H23: OFC (Oceania): 1 país
H25: Cada seleção pode registrar no mínimo 23 e no máximo 26 jogadores.
H26: Estimativa de 1.104 à 1248 jogadores.
I31: 🥇 | J31: Campeão
I32: 🥈 | J32: Vice-Campeão
I33: 🥉 | J33: 3º Lugar

Sheet Classificados
B1: 2026 FIFA World Cup - Classificados
D3: Times | G3: Vagas | H3: Restantes
C4: 1 | D4: Canadá | E4: Anfitrião | G4: 48 | H4: =COUNTBLANK(Tabela1[Times]) -> 0
C5: 2 | D5: México | E5: Anfitrião
C6: 3 | D6: Estados Unidos | E6: Anfitrião
C7: 4 | D7: Japão | E7: AFC
C8: 5 | D8: Irã | E8: AFC
C9: 6 | D9: Uzbequistão | E9: AFC
C10: 7 | D10: Coreia do Sul | E10: AFC
C11: 8 | D11: Jordânia | E11: AFC
C12: 9 | D12: Austrália | E12: AFC
C13: 10 | D13: Qatar | E13: AFC
C14: 11 | D14: Arabia Saudita | E14: AFC
C15: 12 | D15: Marrocos | E15: CAF
C16: 13 | D16: Tunisia | E16: CAF
... C51: 48 | D51: Iraque | E51: Repescagem

Sheet Sorteios
B1: 2026 FIFA World Cup - Sorteios
B4: Grupo A | E4: Grupo B | H4: Grupo C
B5: P. | C5: Seleção | E5: P. | F5: Seleção | H5: P. | I5: Seleção
B6: 1 | C6: México | E6: 1 | F6: Canadá | H6: 1 | I6: Brasil
B7: 2 | C7: África do Sul | E7: 2 | F7: Bósnia | H7: 2 | I7: Marrocos
B8: 3 | C8: Coreia do Sul | E8: 3 | F8: Qatar | H8: 3 | I8: Haiti
B9: 4 | C9: República Tcheca | E9: 4 | F9: Suiça | H9: 4 | I9: Escócia
B12: Grupo D | E12: Grupo E | H12: Grupo F
B13: P. | C13: Seleção | E13: P. | F13: Seleção | H13: P. | I13: Seleção
B14: 1 | C14: Estados Unidos | E14: 1 | F14: Alemanha | H14: 1 | I14: Países Baixos
B15: 2 | C15: Paraguai | E15: 2 | F15: Curaçau | H15: 2 | I15: Japão
B16: 3 | C16: Austrália | E16: 3 | F16: Costa do Marfim | H16: 3 | I16: Suécia
B17: 4 | C17: Turquia | E17: 4 | F17: Equador | H17: 4 | I17: Tunísia
B20: Grupo G | E20: Grupo H | H20: Grupo I
B21: P. | C21: Seleção | E21: P. | F21: Seleção | H21: P. | I21: Seleção
B22: 1 | C22: Bélgica | E22: 1 | F22: Espanha | H22: 1 | I22: França
B23: 2 | C23: Egito | E23: 2 | F23: Cabo Verde | H23: 2 | I23: Senegal
B24: 3 | C24: Irã | E24: 3 | F24: Arábia Saudita | H24: 3 | I24: Iraque
B25: 4 | C25: Nova Zelândia | E25: 4 | F25: Uruguai | H25: 4 | I25: Noruega
B28: Grupo J | E28: Grupo K | H28: Grupo L
B29: P. | C29: Seleção | E29: P. | F29: Seleção | H29: P. | I29: Seleção
B30: 1 | C30: Argentina | E30: 1 | F30: Portugal | H30: 1 | I30: Inglaterra
B31: 2 | C31: Argélia | E31: 2 | F31: RD Congo | H31: 2 | I31: Croácia
B32: 3 | C32: Áustria | E32: 3 | F32: Uzbequistão | H32: 3 | I32: Gana
B33: 4 | C33: Jordânia | E33: 4 | F33: Colômbia | H33: 4 | I33: Panamá

Sheet Fase de Grupos
B1: 2026 FIFA World Cup - Fase de Grupos
B3: Gr. | C3: Data | D3: Hora | E3: Seleção | F3: Placar | I3: Seleção | P3: Grupos | AE3: Grupos
B4: A | C4: 46184 | D4: 12.00 | E4: =P6 -> México | F4: 2 | G4: x | H4: 0 | I4: =P7 -> África do Sul | J4: =IF(F4=H4,"empate",IF(F4>H4,E4,I4)) -> México | K4: =IF(F4="","",IF(H4="","",IF(J4="empate",E4,""))) | L4: =IF(E4="","",IF(F4="","",IF(M4="empate",I4,""))) | M4: =IF(F4=H4,"empate",IF(F4<H4,E4,I4)) -> África do Sul | P4: Grupo A | AE4: Grupo A | BI4: Melhores 3ºs Colocados
B5: A | C5: 46184 | D5: 09.00 | E5: =P8 -> Coreia do Sul | F5: 2 | G5: x | H5: 1 | I5: =P9 -> República Tcheca | J5: =IF(F5=H5,"empate",IF(F5>H5,E5,I5)) -> Coreia do Sul | K5: =IF(F5="","",IF(H5="","",IF(J5="empate",E5,""))) | L5: =IF(E5="","",IF(F5="","",IF(M5="empate",I5,""))) | M5: =IF(F5=H5,"empate",IF(F5<H5,E5,I5)) -> República Tcheca | O5: Rk | P5: Sorteio | Q5: Pontos | R5: Jogos | S5: Vit | T5: Emp | U5: Der | V5: GP | W5: GC | X5: SG | Y5: SAL | Z5: PRO | AA5: CON | AB5: NM | AC5: Or. | AE5: P. | AF5: Seleção | AG5: P | AH5: J | AI5: V | AJ5: E | AK5: D | AL5: GP | AM5: GC | AN5: SG | AP5: Rk | AQ5: Seleção | AR5: Pontos | AS5: Jogos | AT5: Vit | AU5: Emp | AV5: Der | AW5: GP | AX5: GC | AY5: SG | BB5: SAL | BC5: PRO | BD5: CON | BE5: NM | BF5: Or. | BI5: P. | BJ5: Seleção | BK5: P | BL5: J | BM5: V | BN5: E | BO5: D | BP5: GP | BQ5: GC | BR5: SG
B6: A | C6: 46191 | D6: 15.00 | E6: =P6 -> México | F6: 1 | G6: x | H6: 0 | I6: =P8 -> Coreia do Sul | J6: =IF(F6=H6,"empate",IF(F6>H6,E6,I6)) -> México | K6: =IF(F6="","",IF(H6="","",IF(J6="empate",E6,""))) | L6: =IF(E6="","",IF(F6="","",IF(M6="empate",I6,""))) | M6: =IF(F6=H6,"empate",IF(F6<H6,E6,I6)) -> Coreia do Sul | O6: =RANK(Q6,$Q$6:$Q$9)+SUM(Y6:AB6) -> 1 | P6: =Sorteios!C6 -> México | Q6: =(S6*3)+(T6*1) -> 9 | R6: =SUM(S6:U6) -> 3 | S6: =COUNTIF(J:J,P6) -> 3 | T6: =COUNTIF(K:K,P6)+COUNTIF(L:L,P6) -> 0 | U6: =COUNTIF(M:M,P6) -> 0 | V6: =SUMIF(E:E,P6,F:F)+SUMIF(I:I,P6,H:H) -> 6 | W6: =SUMIF(E:E,P6,H:H)+SUMIF(I:I,P6,F:F) -> 0 | X6: =V6-W6 -> 6 | Y6: =SUMPRODUCT(($Q$6:$Q$9=Q6)*($X$6:$X$9>X6)) -> 0 | Z6: =SUMPRODUCT(($Q$6:$Q$9=Q6)*($X$6:$X$9=X6)*($V$6:$V$9>V6)) -> 0 | AA6: =SUMPRODUCT(($Q$6:$Q$9=Q6)*($X$6:$X$9=X6)*($V$6:$V$9=V6)*($W$6:$W$9>W6)) -> 0 | AB6: =SUMPRODUCT(($Q$6:$Q$9=Q6)*($X$6:$X$9=X6)*($V$6:$V$9=V6)*($W$6:$W$9=W6)*($AC$6:$AC$9<AC6)) -> 0 | AC6: 1 | AE6: 1 | AF6: =VLOOKUP($AE6,$O$6:$X$9,2,FALSE) -> México | AG6: =VLOOKUP($AE6,$O$6:$X$9,3,FALSE) -> 9 | AH6: =VLOOKUP($AE6,$O$6:$X$9,4,FALSE) -> 3 | AI6: =VLOOKUP($AE6,$O$6:$X$9,5,FALSE) -> 3 | AJ6: =VLOOKUP($AE6,$O$6:$X$9,6,FALSE) -> 0 | AK6: =VLOOKUP($AE6,$O$6:$X$9,7,FALSE) -> 0 | AL6: =VLOOKUP($AE6,$O$6:$X$9,8,FALSE) -> 6 | AM6: =VLOOKUP($AE6,$O$6:$X$9,9,FALSE) -> 0 | AN6: =VLOOKUP($AE6,$O$6:$X$9,10,FALSE) -> 6 | AP6: =RANK(AR6,$AR$6:$AR$17)+SUM(BB6:BE6) -> 10 | AQ6: =AF8 -> Coreia do Sul | AR6: =(AT6*3)+(AU6*1) -> 3 | AS6: =SUM(AT6:AV6) -> 3 | AT6: =VLOOKUP(AQ6,$P$5:$X$75,4,FALSE) -> 1 | AU6: =VLOOKUP(AQ6,$P$5:$X$75,5,FALSE) -> 0 | AV6: =VLOOKUP(AQ6,$P$5:$X$75,6,FALSE) -> 2 | AW6: =VLOOKUP(AQ6,$P$5:$X$75,7,FALSE) -> 2 | AX6: =VLOOKUP(AQ6,$P$5:$X$75,8,FALSE) -> 3 | AY6: =AW6-AX6 -> -1 | AZ6: A | BA6: =AQ6 -> Coreia do Sul | BB6: =SUMPRODUCT(($AR$6:$AR$17=AR6)*($AY$6:$AY$17>AY6)) -> 2 | BC6: =SUMPRODUCT(($AR$6:$AR$17=AR6)*($AY$6:$AY$17=AY6)*($AW$6:$AW$17>AW6)) -> 0 | BD6: =SUMPRODUCT(($AR$6:$AR$17=AR6)*($AY$6:$AY$17=AY6)*($AW$6:$AW$17=AW6)*($AX$6:$AX$17>AX6)) -> 0 | BE6: =SUMPRODUCT(($AR$6:$AR$17=AR6)*($AY$6:$AY$17=AY6)*($AW$6:$AW$17=AW6)*($AX$6:$AX$17=AX6)*($BF$6:$BF$17<BF6)) -> 0 | BF6: 1 | BI6: 1 | BJ6: =VLOOKUP($BI6,$AP$6:$AY$17,2,FALSE) -> RD Congo | BK6: =VLOOKUP($BI6,$AP$6:$AY$17,3,FALSE) -> 4 | BL6: =VLOOKUP($BI6,$AP$6:$AY$17,4,FALSE) -> 3 | BM6: =VLOOKUP($BI6,$AP$6:$AY$17,5,FALSE) -> 1 | BN6: =VLOOKUP($BI6,$AP$6:$AY$17,6,FALSE) -> 1 | BO6: =VLOOKUP($BI6,$AP$6:$AY$17,7,FALSE) -> 1 | BP6: =VLOOKUP($BI6,$AP$6:$AY$17,8,FALSE) -> 4 | BQ6: =VLOOKUP($BI6,$AP$6:$AY$17,9,FALSE) -> 3 | BR6: =VLOOKUP($BI6,$AP$6:$AY$17,10,FALSE) -> 1
B7: A | C7: 46191 | D7: 12.00 | E7: =P9 -> República Tcheca | F7: 1 | G7: x | H7: 1 | I7: =P7 -> África do Sul | J7: =IF(F7=H7,"empate",IF(F7>H7,E7,I7)) -> empate | K7: =IF(F7="","",IF(H7="","",IF(J7="empate",E7,""))) -> República Tcheca | L7: =IF(E7="","",IF(F7="","",IF(M7="empate",I7,""))) -> África do Sul | M7: =IF(F7=H7,"empate",IF(F7<H7,E7,I7)) -> empate | O7: =RANK(Q7,$Q$6:$Q$9)+SUM(Y7:AB7) -> 2 | P7: =Sorteios!C7 -> África do Sul | Q7: =(S7*3)+(T7*1) -> 4 | R7: =SUM(S7:U7) -> 3 | S7: =COUNTIF(J:J,P7) -> 1 | T7: =COUNTIF(K:K,P7)+COUNTIF(L:L,P7) -> 1 | U7: =COUNTIF(M:M,P7) -> 1 | V7: =SUMIF(E:E,P7,F:F)+SUMIF(I:I,P7,H:H) -> 2 | W7: =SUMIF(E:E,P7,H:H)+SUMIF(I:I,P7,F:F) -> 3 | X7: =V7-W7 -> -1 | Y7: =SUMPRODUCT(($Q$6:$Q$9=Q7)*($X$6:$X$9>X7)) -> 0 | Z7: =SUMPRODUCT(($Q$6:$Q$9=Q7)*($X$6:$X$9=X7)*($V$6:$V$9>V7)) -> 0 | AA7: =SUMPRODUCT(($Q$6:$Q$9=Q7)*($X$6:$X$9=X7)*($V$6:$V$9=V7)*($W$6:$W$9>W7)) -> 0 | AB7: =SUMPRODUCT(($Q$6:$Q$9=Q7)*($X$6:$X$9=X7)*($V$6:$V$9=V7)*($W$6:$W$9=W7)*($AC$6:$AC$9<AC7)) -> 0 | AC7: 2 | AE7: 2 | AF7: =VLOOKUP($AE7,$O$6:$X$9,2,FALSE) -> África do Sul | AG7: =VLOOKUP($AE7,$O$6:$X$9,3,FALSE) -> 4 | AH7: =VLOOKUP($AE7,$O$6:$X$9,4,FALSE) -> 3 | AI7: =VLOOKUP($AE7,$O$6:$X$9,5,FALSE) -> 1 | AJ7: =VLOOKUP($AE7,$O$6:$X$9,6,FALSE) -> 1 | AK7: =VLOOKUP($AE7,$O$6:$X$9,7,FALSE) -> 1 | AL7: =VLOOKUP($AE7,$O$6:$X$9,8,FALSE) -> 2 | AM7: =VLOOKUP($AE7,$O$6:$X$9,9,FALSE) -> 3 | AN7: =VLOOKUP($AE7,$O$6:$X$9,10,FALSE) -> -1 | AP7: =RANK(AR7,$AR$6:$AR$17)+SUM(BB7:BE7) -> 5 | AQ7: =AF14 -> Bósnia | AR7: =(AT7*3)+(AU7*1) -> 4 | AS7: =SUM(AT7:AV7) -> 3 | AT7: =VLOOKUP(AQ7,$P$5:$X$75,4,FALSE) -> 1 | AU7: =VLOOKUP(AQ7,$P$5:$X$75,5,FALSE) -> 1 | AV7: =VLOOKUP(AQ7,$P$5:$X$75,6,FALSE) -> 1 | AW7: =VLOOKUP(AQ7,$P$5:$X$75,7,FALSE) -> 5 | AX7: =VLOOKUP(AQ7,$P$5:$X$75,8,FALSE) -> 6 | AY7: =AW7-AX7 -> -1 | AZ7: B | BA7: =AQ7 -> Bósnia | BB7: =SUMPRODUCT(($AR$6:$AR$17=AR7)*($AY$6:$AY$17>AY7)) -> 4 | BC7: =SUMPRODUCT(($AR$6:$AR$17=AR7)*($AY$6:$AY$17=AY7)*($AW$6:$AW$17>AW7)) -> 0 | BD7: =SUMPRODUCT(($AR$6:$AR$17=AR7)*($AY$6:$AY$17=AY7)*($AW$6:$AW$17=AW7)*($AX$6:$AX$17>AX7)) -> 0 | BE7: =SUMPRODUCT(($AR$6:$AR$17=AR7)*($AY$6:$AY$17=AY7)*($AW$6:$AW$17=AW7)*($AX$6:$AX$17=AX7)*($BF$6:$BF$17<BF7)) -> 0 | BF7: 2 | BI7: 2 | BJ7: =VLOOKUP($BI7,$AP$6:$AY$17,2,FALSE) -> Suécia | BK7: =VLOOKUP($BI7,$AP$6:$AY$17,3,FALSE) -> 4 | BL7: =VLOOKUP($BI7,$AP$6:$AY$17,4,FALSE) -> 3 | BM7: =VLOOKUP($BI7,$AP$6:$AY$17,5,FALSE) -> 1 | BN7: =VLOOKUP($BI7,$AP$6:$AY$17,6,FALSE) -> 1 | BO7: =VLOOKUP($BI7,$AP$6:$AY$17,7,FALSE) -> 1 | BP7: =VLOOKUP($BI7,$AP$6:$AY$17,8,FALSE) -> 7 | BQ7: =VLOOKUP($BI7,$AP$6:$AY$17,9,FALSE) -> 7 | BR7: =VLOOKUP($BI7,$AP$6:$AY$17,10,FALSE) -> 0
B8: A | C8: 46197 | D8: 11.00 | E8: =P9 -> República Tcheca | F8: 0 | G8: x | H8: 3 | I8: =P6 -> México | J8: =IF(F8=H8,"empate",IF(F8>H8,E8,I8)) -> México | K8: =IF(F8="","",IF(H8="","",IF(J8="empate",E8,""))) | L8: =IF(E8="","",IF(F8="","",IF(M8="empate",I8,""))) | M8: =IF(F8=H8,"empate",IF(F8<H8,E8,I8)) -> República Tcheca | O8: =RANK(Q8,$Q$6:$Q$9)+SUM(Y8:AB8) -> 3 | P8: =Sorteios!C8 -> Coreia do Sul | Q8: =(S8*3)+(T8*1) -> 3 | R8: =SUM(S8:U8) -> 3 | S8: =COUNTIF(J:J,P8) -> 1 | T8: =COUNTIF(K:K,P8)+COUNTIF(L:L,P8) -> 0 | U8: =COUNTIF(M:M,P8) -> 2 | V8: =SUMIF(E:E,P8,F:F)+SUMIF(I:I,P8,H:H) -> 2 | W8: =SUMIF(E:E,P8,H:H)+SUMIF(I:I,P8,F:F) -> 3 | X8: =V8-W8 -> -1 | Y8: =SUMPRODUCT(($Q$6:$Q$9=Q8)*($X$6:$X$9>X8)) -> 0 | Z8: =SUMPRODUCT(($Q$6:$Q$9=Q8)*($X$6:$X$9=X8)*($V$6:$V$9>V8)) -> 0 | AA8: =SUMPRODUCT(($Q$6:$Q$9=Q8)*($X$6:$X$9=X8)*($V$6:$V$9=V8)*($W$6:$W$9>W8)) -> 0 | AB8: =SUMPRODUCT(($Q$6:$Q$9=Q8)*($X$6:$X$9=X8)*($V$6:$V$9=V8)*($W$6:$W$9=W8)*($AC$6:$AC$9<AC8)) -> 0 | AC8: 3 | AE8: 3 | AF8: =VLOOKUP($AE8,$O$6:$X$9,2,FALSE) -> Coreia do Sul | AG8: =VLOOKUP($AE8,$O$6:$X$9,3,FALSE) -> 3 | AH8: =VLOOKUP($AE8,$O$6:$X$9,4,FALSE) -> 3 | AI8: =VLOOKUP($AE8,$O$6:$X$9,5,FALSE) -> 1 | AJ8: =VLOOKUP($AE8,$O$6:$X$9,6,FALSE) -> 0 | AK8: =VLOOKUP($AE8,$O$6:$X$9,7,FALSE) -> 2 | AL8: =VLOOKUP($AE8,$O$6:$X$9,8,FALSE) -> 2 | AM8: =VLOOKUP($AE8,$O$6:$X$9,9,FALSE) -> 3 | AN8: =VLOOKUP($AE8,$O$6:$X$9,10,FALSE) -> -1 | AP8: =RANK(AR8,$AR$6:$AR$17)+SUM(BB8:BE8) -> 11 | AQ8: =AF20 -> Escócia | AR8: =(AT8*3)+(AU8*1) -> 3 | AS8: =SUM(AT8:AV8) -> 3 | AT8: =VLOOKUP(AQ8,$P$5:$X$75,4,FALSE) -> 1 | AU8: =VLOOKUP(AQ8,$P$5:$X$75,5,FALSE) -> 0 | AV8: =VLOOKUP(AQ8,$P$5:$X$75,6,FALSE) -> 2 | AW8: =VLOOKUP(AQ8,$P$5:$X$75,7,FALSE) -> 1 | AX8: =VLOOKUP(AQ8,$P$5:$X$75,8,FALSE) -> 4 | AY8: =AW8-AX8 -> -3 | AZ8: C | BA8: =AQ8 -> Escócia | BB8: =SUMPRODUCT(($AR$6:$AR$17=AR8)*($AY$6:$AY$17>AY8)) -> 3 | BC8: =SUMPRODUCT(($AR$6:$AR$17=AR8)*($AY$6:$AY$17=AY8)*($AW$6:$AW$17>AW8)) -> 0 | BD8: =SUMPRODUCT(($AR$6:$AR$17=AR8)*($AY$6:$AY$17=AY8)*($AW$6:$AW$17=AW8)*($AX$6:$AX$17>AX8)) -> 0 | BE8: =SUMPRODUCT(($AR$6:$AR$17=AR8)*($AY$6:$AY$17=AY8)*($AW$6:$AW$17=AW8)*($AX$6:$AX$17=AX8)*($BF$6:$BF$17<BF8)) -> 0 | BF8: 3 | BI8: 3 | BJ8: =VLOOKUP($BI8,$AP$6:$AY$17,2,FALSE) -> Equador | BK8: =VLOOKUP($BI8,$AP$6:$AY$17,3,FALSE) -> 4 | BL8: =VLOOKUP($BI8,$AP$6:$AY$17,4,FALSE) -> 3 | BM8: =VLOOKUP($BI8,$AP$6:$AY$17,5,FALSE) -> 1 | BN8: =VLOOKUP($BI8,$AP$6:$AY$17,6,FALSE) -> 1 | BO8: =VLOOKUP($BI8,$AP$6:$AY$17,7,FALSE) -> 1 | BP8: =VLOOKUP($BI8,$AP$6:$AY$17,8,FALSE) -> 2 | BQ8: =VLOOKUP($BI8,$AP$6:$AY$17,9,FALSE) -> 2 | BR8: =VLOOKUP($BI8,$AP$6:$AY$17,10,FALSE) -> 0
B9: A | C9: 46197 | D9: 11.00 | E9: =P7 -> África do Sul | F9: 1 | G9: x | H9: 0 | I9: =P8 -> Coreia do Sul | J9: =IF(F9=H9,"empate",IF(F9>H9,E9,I9)) -> África do Sul | K9: =IF(F9="","",IF(H9="","",IF(J9="empate",E9,""))) | L9: =IF(E9="","",IF(F9="","",IF(M9="empate",I9,""))) | M9: =IF(F9=H9,"empate",IF(F9<H9,E9,I9)) -> Coreia do Sul | O9: =RANK(Q9,$Q$6:$Q$9)+SUM(Y9:AB9) -> 4 | P9: =Sorteios!C9 -> República Tcheca | Q9: =(S9*3)+(T9*1) -> 1 | R9: =SUM(S9:U9) -> 3 | S9: =COUNTIF(J:J,P9) -> 0 | T9: =COUNTIF(K:K,P9)+COUNTIF(L:L,P9) -> 1 | U9: =COUNTIF(M:M,P9) -> 2 | V9: =SUMIF(E:E,P9,F:F)+SUMIF(I:I,P9,H:H) -> 2 | W9: =SUMIF(E:E,P9,H:H)+SUMIF(I:I,P9,F:F) -> 6 | X9: =V9-W9 -> -4 | Y9: =SUMPRODUCT(($Q$6:$Q$9=Q9)*($X$6:$X$9>X9)) -> 0 | Z9: =SUMPRODUCT(($Q$6:$Q$9=Q9)*($X$6:$X$9=X9)*($V$6:$V$9>V9)) -> 0 | AA9: =SUMPRODUCT(($Q$6:$Q$9=Q9)*($X$6:$X$9=X9)*($V$6:$V$9=V9)*($W$6:$W$9>W9)) -> 0 | AB9: =SUMPRODUCT(($Q$6:$Q$9=Q9)*($X$6:$X$9=X9)*($V$6:$V$9=V9)*($W$6:$W$9=W9)*($AC$6:$AC$9<AC9)) -> 0 | AC9: 4 | AE9: 4 | AF9: =VLOOKUP($AE9,$O$6:$X$9,2,FALSE) -> República Tcheca | AG9: =VLOOKUP($AE9,$O$6:$X$9,3,FALSE) -> 1 | AH9: =VLOOKUP($AE9,$O$6:$X$9,4,FALSE) -> 3 | AI9: =VLOOKUP($AE9,$O$6:$X$9,5,FALSE) -> 0 | AJ9: =VLOOKUP($AE9,$O$6:$X$9,6,FALSE) -> 1 | AK9: =VLOOKUP($AE9,$O$6:$X$9,7,FALSE) -> 2 | AL9: =VLOOKUP($AE9,$O$6:$X$9,8,FALSE) -> 2 | AM9: =VLOOKUP($AE9,$O$6:$X$9,9,FALSE) -> 6 | AN9: =VLOOKUP($AE9,$O$6:$X$9,10,FALSE) -> -4 | AP9: =RANK(AR9,$AR$6:$AR$17)+SUM(BB9:BE9) -> 7 | AQ9: =AF26 -> Paraguai | AR9: =(AT9*3)+(AU9*1) -> 4 | AS9: =SUM(AT9:AV9) -> 3 | AT9: =VLOOKUP(AQ9,$P$5:$X$75,4,FALSE) -> 1 | AU9: =VLOOKUP(AQ9,$P$5:$X$75,5,FALSE) -> 1 | AV9: =VLOOKUP(AQ9,$P$5:$X$75,6,FALSE) -> 1 | AW9: =VLOOKUP(AQ9,$P$5:$X$75,7,FALSE) -> 2 | AX9: =VLOOKUP(AQ9,$P$5:$X$75,8,FALSE) -> 4 | AY9: =AW9-AX9 -> -2 | AZ9: D | BA9: =AQ9 -> Paraguai | BB9: =SUMPRODUCT(($AR$6:$AR$17=AR9)*($AY$6:$AY$17>AY9)) -> 5 | BC9: =SUMPRODUCT(($AR$6:$AR$17=AR9)*($AY$6:$AY$17=AY9)*($AW$6:$AW$17>AW9)) -> 1 | BD9: =SUMPRODUCT(($AR$6:$AR$17=AR9)*($AY$6:$AY$17=AY9)*($AW$6:$AW$17=AW9)*($AX$6:$AX$17>AX9)) -> 0 | BE9: =SUMPRODUCT(($AR$6:$AR$17=AR9)*($AY$6:$AY$17=AY9)*($AW$6:$AW$17=AW9)*($AX$6:$AX$17=AX9)*($BF$6:$BF$17<BF9)) -> 0 | BF9: 4 | BI9: 4 | BJ9: =VLOOKUP($BI9,$AP$6:$AY$17,2,FALSE) -> Gana | BK9: =VLOOKUP($BI9,$AP$6:$AY$17,3,FALSE) -> 4 | BL9: =VLOOKUP($BI9,$AP$6:$AY$17,4,FALSE) -> 3 | BM9: =VLOOKUP($BI9,$AP$6:$AY$17,5,FALSE) -> 1 | BN9: =VLOOKUP($BI9,$AP$6:$AY$17,6,FALSE) -> 1 | BO9: =VLOOKUP($BI9,$AP$6:$AY$17,7,FALSE) -> 1 | BP9: =VLOOKUP($BI9,$AP$6:$AY$17,8,FALSE) -> 2 | BQ9: =VLOOKUP($BI9,$AP$6:$AY$17,9,FALSE) -> 2 | BR9: =VLOOKUP($BI9,$AP$6:$AY$17,10,FALSE) -> 0
B10: B | C10: 46185 | D10: 15.00 | E10: =P12 -> Canadá | F10: 1 | G10: x | H10: 1 | I10: =P13 -> Bósnia | J10: =IF(F10=H10,"empate",IF(F10>H10,E10,I10)) -> empate | K10: =IF(F10="","",IF(H10="","",IF(J10="empate",E10,""))) -> Canadá | L10: =IF(E10="","",IF(F10="","",IF(M10="empate",I10,""))) -> Bósnia | M10: =IF(F10=H10,"empate",IF(F10<H10,E10,I10)) -> empate | P10: Grupo B | AE10: Grupo B | AP10: =RANK(AR10,$AR$6:$AR$17)+SUM(BB10:BE10) -> 3 | AQ10: =AF32 -> Equador | AR10: =(AT10*3)+(AU10*1) -> 4 | AS10: =SUM(AT10:AV10) -> 3 | AT10: =VLOOKUP(AQ10,$P$5:$X$75,4,FALSE) -> 1 | AU10: =VLOOKUP(AQ10,$P$5:$X$75,5,FALSE) -> 1 | AV10: =VLOOKUP(AQ10,$P$5:$X$75,6,FALSE) -> 1 | AW10: =VLOOKUP(AQ10,$P$5:$X$75,7,FALSE) -> 2 | AX10: =VLOOKUP(AQ10,$P$5:$X$75,8,FALSE) -> 2 | AY10: =AW10-AX10 -> 0 | AZ10: E | BA10: =AQ10 -> Equador | BB10: =SUMPRODUCT(($AR$6:$AR$17=AR10)*($AY$6:$AY$17>AY10)) -> 1 | BC10: =SUMPRODUCT(($AR$6:$AR$17=AR10)*($AY$6:$AY$17=AY10)*($AW$6:$AW$17>AW10)) -> 1 | BD10: =SUMPRODUCT(($AR$6:$AR$17=AR10)*($AY$6:$AY$17=AY10)*($AW$6:$AW$17=AW10)*($AX$6:$AX$17>AX10)) -> 0 | BE10: =SUMPRODUCT(($AR$6:$AR$17=AR10)*($AY$6:$AY$17=AY10)*($AW$6:$AW$17=AW10)*($AX$6:$AX$17=AX10)*($BF$6:$BF$17<BF10)) -> 0 | BF10: 5 | BI10: 5 | BJ10: =VLOOKUP($BI10,$AP$6:$AY$17,2,FALSE) -> Bósnia | BK10: =VLOOKUP($BI10,$AP$6:$AY$17,3,FALSE) -> 4 | BL10: =VLOOKUP($BI10,$AP$6:$AY$17,4,FALSE) -> 3 | BM10: =VLOOKUP($BI10,$AP$6:$AY$17,5,FALSE) -> 1 | BN10: =VLOOKUP($BI10,$AP$6:$AY$17,6,FALSE) -> 1 | BO10: =VLOOKUP($BI10,$AP$6:$AY$17,7,FALSE) -> 1 | BP10: =VLOOKUP($BI10,$AP$6:$AY$17,8,FALSE) -> 5 | BQ10: =VLOOKUP($BI10,$AP$6:$AY$17,9,FALSE) -> 6 | BR10: =VLOOKUP($BI10,$AP$6:$AY$17,10,FALSE) -> -1
B11: B | C11: 46186 | D11: 12.00 | E11: =P14 -> Qatar | F11: 1 | G11: x | H11: 1 | I11: =P15 -> Suiça | J11: =IF(F11=H11,"empate",IF(F11>H11,E11,I11)) -> empate | K11: =IF(F11="","",IF(H11="","",IF(J11="empate",E11,""))) -> Qatar | L11: =IF(E11="","",IF(F11="","",IF(M11="empate",I11,""))) -> Suiça | M11: =IF(F11=H11,"empate",IF(F11<H11,E11,I11)) -> empate | O11: Rk | P11: Sorteio | Q11: Pontos | R11: Jogos | S11: Vit | T11: Emp | U11: Der | V11: GP | W11: GC | X11: SG | Y11: SAL | Z11: PRO | AA11: CON | AB11: NM | AC11: Or. | AE11: P. | AF11: Seleção | AG11: P | AH11: J | AI11: V | AJ11: E | AK11: D | AL11: GP | AM11: GC | AN11: SG | AP11: =RANK(AR11,$AR$6:$AR$17)+SUM(BB11:BE11) -> 2 | AQ11: =AF38 -> Suécia | AR11: =(AT11*3)+(AU11*1) -> 4 | AS11: =SUM(AT11:AV11) -> 3 | AT11: =VLOOKUP(AQ11,$P$5:$X$75,4,FALSE) -> 1 | AU11: =VLOOKUP(AQ11,$P$5:$X$75,5,FALSE) -> 1 | AV11: =VLOOKUP(AQ11,$P$5:$X$75,6,FALSE) -> 1 | AW11: =VLOOKUP(AQ11,$P$5:$X$75,7,FALSE) -> 7 | AX11: =VLOOKUP(AQ11,$P$5:$X$75,8,FALSE) -> 7 | AY11: =AW11-AX11 -> 0 | AZ11: F | BA11: =AQ11 -> Suécia | BB11: =SUMPRODUCT(($AR$6:$AR$17=AR11)*($AY$6:$AY$17>AY11)) -> 1 | BC11: =SUMPRODUCT(($AR$6:$AR$17=AR11)*($AY$6:$AY$17=AY11)*($AW$6:$AW$17>AW11)) -> 0 | BD11: =SUMPRODUCT(($AR$6:$AR$17=AR11)*($AY$6:$AY$17=AY11)*($AW$6:$AW$17=AW11)*($AX$6:$AX$17>AX11)) -> 0 | BE11: =SUMPRODUCT(($AR$6:$AR$17=AR11)*($AY$6:$AY$17=AY11)*($AW$6:$AW$17=AW11)*($AX$6:$AX$17=AX11)*($BF$6:$BF$17<BF11)) -> 0 | BF11: 6 | BI11: 6 | BJ11: =VLOOKUP($BI11,$AP$6:$AY$17,2,FALSE) -> Argélia | BK11: =VLOOKUP($BI11,$AP$6:$AY$17,3,FALSE) -> 4 | BL11: =VLOOKUP($BI11,$AP$6:$AY$17,4,FALSE) -> 3 | BM11: =VLOOKUP($BI11,$AP$6:$AY$17,5,FALSE) -> 1 | BN11: =VLOOKUP($BI11,$AP$6:$AY$17,6,FALSE) -> 1 | BO11: =VLOOKUP($BI11,$AP$6:$AY$17,7,FALSE) -> 1 | BP11: =VLOOKUP($BI11,$AP$6:$AY$17,8,FALSE) -> 5 | BQ11: =VLOOKUP($BI11,$AP$6:$AY$17,9,FALSE) -> 7 | BR11: =VLOOKUP($BI11,$AP$6:$AY$17,10,FALSE) -> -2
B12: B | C12: 46191 | D12: 09.00 | E12: =P12 -> Canadá | F12: 6 | G12: x | H12: 0 | I12: =P14 -> Qatar | J12: =IF(F12=H12,"empate",IF(F12>H12,E12,I12)) -> Canadá | K12: =IF(F12="","",IF(H12="","",IF(J12="empate",E12,""))) | L12: =IF(E12="","",IF(F12="","",IF(M12="empate",I12,""))) | M12: =IF(F12=H12,"empate",IF(F12<H12,E12,I12)) -> Qatar | O12: =RANK(Q12,$Q$12:$Q$15)+SUM(Y12:AB12) -> 2 | P12: =Sorteios!F6 -> Canadá | Q12: =(S12*3)+(T12*1) -> 4 | R12: =SUM(S12:U12) -> 3 | S12: =COUNTIF(J:J,P12) -> 1 | T12: =COUNTIF(K:K,P12)+COUNTIF(L:L,P12) -> 1 | U12: =COUNTIF(M:M,P12) -> 1 | V12: =SUMIF(E:E,P12,F:F)+SUMIF(I:I,P12,H:H) -> 8 | W12: =SUMIF(E:E,P12,H:H)+SUMIF(I:I,P12,F:F) -> 3 | X12: =V12-W12 -> 5 | Y12: =SUMPRODUCT(($Q$12:$Q$15=Q12)*($X$12:$X$15>X12)) -> 0 | Z12: =SUMPRODUCT(($Q$12:$Q$15=Q12)*($X$12:$X$15=X12)*($V$12:$V$15>V12)) -> 0 | AA12: =SUMPRODUCT(($Q$12:$Q$15=Q12)*($X$12:$X$15=X12)*($V$12:$V$15=V12)*($W$12:$W$15>W12)) -> 0 | AB12: =SUMPRODUCT(($Q$12:$Q$15=Q12)*($X$12:$X$15=X12)*($V$12:$V$15=V12)*($W$12:$W$15=W12)*($AC$12:$AC$15<AC12)) -> 0 | AC12: 1 | AE12: 1 | AF12: =VLOOKUP($AE12,$O$12:$X$15,2,FALSE) -> Suiça | AG12: =VLOOKUP($AE12,$O$12:$X$15,3,FALSE) -> 7 | AH12: =VLOOKUP($AE12,$O$12:$X$15,4,FALSE) -> 3 | AI12: =VLOOKUP($AE12,$O$12:$X$15,5,FALSE) -> 2 | AJ12: =VLOOKUP($AE12,$O$12:$X$15,6,FALSE) -> 1 | AK12: =VLOOKUP($AE12,$O$12:$X$15,7,FALSE) -> 0 | AL12: =VLOOKUP($AE12,$O$12:$X$15,8,FALSE) -> 7 | AM12: =VLOOKUP($AE12,$O$12:$X$15,9,FALSE) -> 3 | AN12: =VLOOKUP($AE12,$O$12:$X$15,10,FALSE) -> 4 | AP12: =RANK(AR12,$AR$6:$AR$17)+SUM(BB12:BE12) -> 9 | AQ12: =AF44 -> Irã | AR12: =(AT12*3)+(AU12*1) -> 3 | AS12: =SUM(AT12:AV12) -> 3 | AT12: =VLOOKUP(AQ12,$P$5:$X$75,4,FALSE) -> 0 | AU12: =VLOOKUP(AQ12,$P$5:$X$75,5,FALSE) -> 3 | AV12: =VLOOKUP(AQ12,$P$5:$X$75,6,FALSE) -> 0 | AW12: =VLOOKUP(AQ12,$P$5:$X$75,7,FALSE) -> 3 | AX12: =VLOOKUP(AQ12,$P$5:$X$75,8,FALSE) -> 3 | AY12: =AW12-AX12 -> 0 | AZ12: G | BA12: =AQ12 -> Irã | BB12: =SUMPRODUCT(($AR$6:$AR$17=AR12)*($AY$6:$AY$17>AY12)) -> 1 | BC12: =SUMPRODUCT(($AR$6:$AR$17=AR12)*($AY$6:$AY$17=AY12)*($AW$6:$AW$17>AW12)) -> 0 | BD12: =SUMPRODUCT(($AR$6:$AR$17=AR12)*($AY$6:$AY$17=AY12)*($AW$6:$AW$17=AW12)*($AX$6:$AX$17>AX12)) -> 0 | BE12: =SUMPRODUCT(($AR$6:$AR$17=AR12)*($AY$6:$AY$17=AY12)*($AW$6:$AW$17=AW12)*($AX$6:$AX$17=AX12)*($BF$6:$BF$17<BF12)) -> 0 | BF12: 7 | BI12: 7 | BJ12: =VLOOKUP($BI12,$AP$6:$AY$17,2,FALSE) -> Paraguai | BK12: =VLOOKUP($BI12,$AP$6:$AY$17,3,FALSE) -> 4 | BL12: =VLOOKUP($BI12,$AP$6:$AY$17,4,FALSE) -> 3 | BM12: =VLOOKUP($BI12,$AP$6:$AY$17,5,FALSE) -> 1 | BN12: =VLOOKUP($BI12,$AP$6:$AY$17,6,FALSE) -> 1 | BO12: =VLOOKUP($BI12,$AP$6:$AY$17,7,FALSE) -> 1 | BP12: =VLOOKUP($BI12,$AP$6:$AY$17,8,FALSE) -> 2 | BQ12: =VLOOKUP($BI12,$AP$6:$AY$17,9,FALSE) -> 4 | BR12: =VLOOKUP($BI12,$AP$6:$AY$17,10,FALSE) -> -2
B13: B | C13: 46191 | D13: 15.00 | E13: =P15 -> Suiça | F13: 4 | G13: x | H13: 1 | I13: =P13 -> Bósnia | J13: =IF(F13=H13,"empate",IF(F13>H13,E13,I13)) -> Suiça | K13: =IF(F13="","",IF(H13="","",IF(J13="empate",E13,""))) | L13: =IF(E13="","",IF(F13="","",IF(M13="empate",I13,""))) | M13: =IF(F13=H13,"empate",IF(F13<H13,E13,I13)) -> Bósnia | O13: =RANK(Q13,$Q$12:$Q$15)+SUM(Y13:AB13) -> 3 | P13: =Sorteios!F7 -> Bósnia | Q13: =(S13*3)+(T13*1) -> 4 | R13: =SUM(S13:U13) -> 3 | S13: =COUNTIF(J:J,P13) -> 1 | T13: =COUNTIF(K:K,P13)+COUNTIF(L:L,P13) -> 1 | U13: =COUNTIF(M:M,P13) -> 1 | V13: =SUMIF(E:E,P13,F:F)+SUMIF(I:I,P13,H:H) -> 5 | W13: =SUMIF(E:E,P13,H:H)+SUMIF(I:I,P13,F:F) -> 6 | X13: =V13-W13 -> -1 | Y13: =SUMPRODUCT(($Q$12:$Q$15=Q13)*($X$12:$X$15>X13)) -> 1 | Z13: =SUMPRODUCT(($Q$12:$Q$15=Q13)*($X$12:$X$15=X13)*($V$12:$V$15>V13)) -> 0 | AA13: =SUMPRODUCT(($Q$12:$Q$15=Q13)*($X$12:$X$15=X13)*($V$12:$V$15=V13)*($W$12:$W$15>W13)) -> 0 | AB13: =SUMPRODUCT(($Q$12:$Q$15=Q13)*($X$12:$X$15=X13)*($V$12:$V$15=V13)*($W$12:$W$15=W13)*($AC$12:$AC$15<AC13)) -> 0 | AC13: 2 | AE13: 2 | AF13: =VLOOKUP($AE13,$O$12:$X$15,2,FALSE) -> Canadá | AG13: =VLOOKUP($AE13,$O$12:$X$15,3,FALSE) -> 4 | AH13: =VLOOKUP($AE13,$O$12:$X$15,4,FALSE) -> 3 | AI13: =VLOOKUP($AE13,$O$12:$X$15,5,FALSE) -> 1 | AJ13: =VLOOKUP($AE13,$O$12:$X$15,6,FALSE) -> 1 | AK13: =VLOOKUP($AE13,$O$12:$X$15,7,FALSE) -> 1 | AL13: =VLOOKUP($AE13,$O$12:$X$15,8,FALSE) -> 8 | AM13: =VLOOKUP($AE13,$O$12:$X$15,9,FALSE) -> 3 | AN13: =VLOOKUP($AE13,$O$12:$X$15,10,FALSE) -> 5 | AP13: =RANK(AR13,$AR$6:$AR$17)+SUM(BB13:BE13) -> 12 | AQ13: =AF50 -> Uruguai | AR13: =(AT13*3)+(AU13*1) -> 2 | AS13: =SUM(AT13:AV13) -> 3 | AT13: =VLOOKUP(AQ13,$P$5:$X$75,4,FALSE) -> 0 | AU13: =VLOOKUP(AQ13,$P$5:$X$75,5,FALSE) -> 2 | AV13: =VLOOKUP(AQ13,$P$5:$X$75,6,FALSE) -> 1 | AW13: =VLOOKUP(AQ13,$P$5:$X$75,7,FALSE) -> 3 | AX13: =VLOOKUP(AQ13,$P$5:$X$75,8,FALSE) -> 4 | AY13: =AW13-AX13 -> -1 | AZ13: H | BA13: =AQ13 -> Uruguai | BB13: =SUMPRODUCT(($AR$6:$AR$17=AR13)*($AY$6:$AY$17>AY13)) -> 0 | BC13: =SUMPRODUCT(($AR$6:$AR$17=AR13)*($AY$6:$AY$17=AY13)*($AW$6:$AW$17>AW13)) -> 0 | BD13: =SUMPRODUCT(($AR$6:$AR$17=AR13)*($AY$6:$AY$17=AY13)*($AW$6:$AW$17=AW13)*($AX$6:$AX$17>AX13)) -> 0 | BE13: =SUMPRODUCT(($AR$6:$AR$17=AR13)*($AY$6:$AY$17=AY13)*($AW$6:$AW$17=AW13)*($AX$6:$AX$17=AX13)*($BF$6:$BF$17<BF13)) -> 0 | BF13: 8 | BI13: 8 | BJ13: =VLOOKUP($BI13,$AP$6:$AY$17,2,FALSE) -> Senegal | BK13: =VLOOKUP($BI13,$AP$6:$AY$17,3,FALSE) -> 3 | BL13: =VLOOKUP($BI13,$AP$6:$AY$17,4,FALSE) -> 3 | BM13: =VLOOKUP($BI13,$AP$6:$AY$17,5,FALSE) -> 1 | BN13: =VLOOKUP($BI13,$AP$6:$AY$17,6,FALSE) -> 0 | BO13: =VLOOKUP($BI13,$AP$6:$AY$17,7,FALSE) -> 2 | BP13: =VLOOKUP($BI13,$AP$6:$AY$17,8,FALSE) -> 8 | BQ13: =VLOOKUP($BI13,$AP$6:$AY$17,9,FALSE) -> 6 | BR13: =VLOOKUP($BI13,$AP$6:$AY$17,10,FALSE) -> 2
B14: B | C14: 46197 | D14: 15.00 | E14: =P15 -> Suiça | F14: 2 | G14: x | H14: 1 | I14: =P12 -> Canadá | J14: =IF(F14=H14,"empate",IF(F14>H14,E14,I14)) -> Suiça | K14: =IF(F14="","",IF(H14="","",IF(J14="empate",E14,""))) | L14: =IF(E14="","",IF(F14="","",IF(M14="empate",I14,""))) | M14: =IF(F14=H14,"empate",IF(F14<H14,E14,I14)) -> Canadá | O14: =RANK(Q14,$Q$12:$Q$15)+SUM(Y14:AB14) -> 4 | P14: =Sorteios!F8 -> Qatar | Q14: =(S14*3)+(T14*1) -> 1 | R14: =SUM(S14:U14) -> 3 | S14: =COUNTIF(J:J,P14) -> 0 | T14: =COUNTIF(K:K,P14)+COUNTIF(L:L,P14) -> 1 | U14: =COUNTIF(M:M,P14) -> 2 | V14: =SUMIF(E:E,P14,F:F)+SUMIF(I:I,P14,H:H) -> 2 | W14: =SUMIF(E:E,P14,H:H)+SUMIF(I:I,P14,F:F) -> 10 | X14: =V14-W14 -> -8 | Y14: =SUMPRODUCT(($Q$12:$Q$15=Q14)*($X$12:$X$15>X14)) -> 0 | Z14: =SUMPRODUCT(($Q$12:$Q$15=Q14)*($X$12:$X$15=X14)*($V$12:$V$15>V14)) -> 0 | AA14: =SUMPRODUCT(($Q$12:$Q$15=Q14)*($X$12:$X$15=X14)*($V$12:$V$15=V14)*($W$12:$W$15>W14)) -> 0 | AB14: =SUMPRODUCT(($Q$12:$Q$15=Q14)*($X$12:$X$15=X14)*($V$12:$V$15=V14)*($W$12:$W$15=W14)*($AC$12:$AC$15<AC14)) -> 0 | AC14: 3 | AE14: 3 | AF14: =VLOOKUP($AE14,$O$12:$X$15,2,FALSE) -> Bósnia | AG14: =VLOOKUP($AE14,$O$12:$X$15,3,FALSE) -> 4 | AH14: =VLOOKUP($AE14,$O$12:$X$15,4,FALSE) -> 3 | AI14: =VLOOKUP($AE14,$O$12:$X$15,5,FALSE) -> 1 | AJ14: =VLOOKUP($AE14,$O$12:$X$15,6,FALSE) -> 1 | AK14: =VLOOKUP($AE14,$O$12:$X$15,7,FALSE) -> 1 | AL14: =VLOOKUP($AE14,$O$12:$X$15,8,FALSE) -> 5 | AM14: =VLOOKUP($AE14,$O$12:$X$15,9,FALSE) -> 6 | AN14: =VLOOKUP($AE14,$O$12:$X$15,10,FALSE) -> -1 | AP14: =RANK(AR14,$AR$6:$AR$17)+SUM(BB14:BE14) -> 8 | AQ14: =AF56 -> Senegal | AR14: =(AT14*3)+(AU14*1) -> 3 | AS14: =SUM(AT14:AV14) -> 3 | AT14: =VLOOKUP(AQ14,$P$5:$X$75,4,FALSE) -> 1 | AU14: =VLOOKUP(AQ14,$P$5:$X$75,5,FALSE) -> 0 | AV14: =VLOOKUP(AQ14,$P$5:$X$75,6,FALSE) -> 2 | AW14: =VLOOKUP(AQ14,$P$5:$X$75,7,FALSE) -> 8 | AX14: =VLOOKUP(AQ14,$P$5:$X$75,8,FALSE) -> 6 | AY14: =AW14-AX14 -> 2 | AZ14: I | BA14: =AQ14 -> Senegal | BB14: =SUMPRODUCT(($AR$6:$AR$17=AR14)*($AY$6:$AY$17>AY14)) -> 0 | BC14: =SUMPRODUCT(($AR$6:$AR$17=AR14)*($AY$6:$AY$17=AY14)*($AW$6:$AW$17>AW14)) -> 0 | BD14: =SUMPRODUCT(($AR$6:$AR$17=AR14)*($AY$6:$AY$17=AY14)*($AW$6:$AW$17=AW14)*($AX$6:$AX$17>AX14)) -> 0 | BE14: =SUMPRODUCT(($AR$6:$AR$17=AR14)*($AY$6:$AY$17=AY14)*($AW$6:$AW$17=AW14)*($AX$6:$AX$17=AX14)*($BF$6:$BF$17<BF14)) -> 0 | BF14: 9 | BI14: 9 | BJ14: =VLOOKUP($BI14,$AP$6:$AY$17,2,FALSE) -> Irã | BK14: =VLOOKUP($BI14,$AP$6:$AY$17,3,FALSE) -> 3 | BL14: =VLOOKUP($BI14,$AP$6:$AY$17,4,FALSE) -> 3 | BM14: =VLOOKUP($BI14,$AP$6:$AY$17,5,FALSE) -> 0 | BN14: =VLOOKUP($BI14,$AP$6:$AY$17,6,FALSE) -> 3 | BO14: =VLOOKUP($BI14,$AP$6:$AY$17,7,FALSE) -> 0 | BP14: =VLOOKUP($BI14,$AP$6:$AY$17,8,FALSE) -> 3 | BQ14: =VLOOKUP($BI14,$AP$6:$AY$17,9,FALSE) -> 3 | BR14: =VLOOKUP($BI14,$AP$6:$AY$17,10,FALSE) -> 0
B15: B | C15: 46197 | D15: 15.00 | E15: =P13 -> Bósnia | F15: 3 | G15: x | H15: 1 | I15: =P14 -> Qatar | J15: =IF(F15=H15,"empate",IF(F15>H15,E15,I15)) -> Bósnia | K15: =IF(F15="","",IF(H15="","",IF(J15="empate",E15,""))) | L15: =IF(E15="","",IF(F15="","",IF(M15="empate",I15,""))) | M15: =IF(F15=H15,"empate",IF(F15<H15,E15,I15)) -> Qatar | O15: =RANK(Q15,$Q$12:$Q$15)+SUM(Y15:AB15) -> 1 | P15: =Sorteios!F9 -> Suiça | Q15: =(S15*3)+(T15*1) -> 7 | R15: =SUM(S15:U15) -> 3 | S15: =COUNTIF(J:J,P15) -> 2 | T15: =COUNTIF(K:K,P15)+COUNTIF(L:L,P15) -> 1 | U15: =COUNTIF(M:M,P15) -> 0 | V15: =SUMIF(E:E,P15,F:F)+SUMIF(I:I,P15,H:H) -> 7 | W15: =SUMIF(E:E,P15,H:H)+SUMIF(I:I,P15,F:F) -> 3 | X15: =V15-W15 -> 4 | Y15: =SUMPRODUCT(($Q$12:$Q$15=Q15)*($X$12:$X$15>X15)) -> 0 | Z15: =SUMPRODUCT(($Q$12:$Q$15=Q15)*($X$12:$X$15=X15)*($V$12:$V$15>V15)) -> 0 | AA15: =SUMPRODUCT(($Q$12:$Q$15=Q15)*($X$12:$X$15=X15)*($V$12:$V$15=V15)*($W$12:$W$15>W15)) -> 0 | AB15: =SUMPRODUCT(($Q$12:$Q$15=Q15)*($X$12:$X$15=X15)*($V$12:$V$15=V15)*($W$12:$W$15=W15)*($AC$12:$AC$15<AC15)) -> 0 | AC15: 4 | AE15: 4 | AF15: =VLOOKUP($AE15,$O$12:$X$15,2,FALSE) -> Qatar | AG15: =VLOOKUP($AE15,$O$12:$X$15,3,FALSE) -> 1 | AH15: =VLOOKUP($AE15,$O$12:$X$15,4,FALSE) -> 3 | AI15: =VLOOKUP($AE15,$O$12:$X$15,5,FALSE) -> 0 | AJ15: =VLOOKUP($AE15,$O$12:$X$15,6,FALSE) -> 1 | AK15: =VLOOKUP($AE15,$O$12:$X$15,7,FALSE) -> 2 | AL15: =VLOOKUP($AE15,$O$12:$X$15,8,FALSE) -> 2 | AM15: =VLOOKUP($AE15,$O$12:$X$15,9,FALSE) -> 10 | AN15: =VLOOKUP($AE15,$O$12:$X$15,10,FALSE) -> -8 | AP15: =RANK(AR15,$AR$6:$AR$17)+SUM(BB15:BE15) -> 6 | AQ15: =AF62 -> Argélia | AR15: =(AT15*3)+(AU15*1) -> 4 | AS15: =SUM(AT15:AV15) -> 3 | AT15: =VLOOKUP(AQ15,$P$5:$X$75,4,FALSE) -> 1 | AU15: =VLOOKUP(AQ15,$P$5:$X$75,5,FALSE) -> 1 | AV15: =VLOOKUP(AQ15,$P$5:$X$75,6,FALSE) -> 1 | AW15: =VLOOKUP(AQ15,$P$5:$X$75,7,FALSE) -> 5 | AX15: =VLOOKUP(AQ15,$P$5:$X$75,8,FALSE) -> 7 | AY15: =AW15-AX15 -> -2 | AZ15: J | BA15: =AQ15 -> Argélia | BB15: =SUMPRODUCT(($AR$6:$AR$17=AR15)*($AY$6:$AY$17>AY15)) -> 5 | BC15: =SUMPRODUCT(($AR$6:$AR$17=AR15)*($AY$6:$AY$17=AY15)*($AW$6:$AW$17>AW15)) -> 0 | BD15: =SUMPRODUCT(($AR$6:$AR$17=AR15)*($AY$6:$AY$17=AY15)*($AW$6:$AW$17=AW15)*($AX$6:$AX$17>AX15)) -> 0 | BE15: =SUMPRODUCT(($AR$6:$AR$17=AR15)*($AY$6:$AY$17=AY15)*($AW$6:$AW$17=AW15)*($AX$6:$AX$17=AX15)*($BF$6:$BF$17<BF15)) -> 0 | BF15: 10 | BI15: 10 | BJ15: =VLOOKUP($BI15,$AP$6:$AY$17,2,FALSE) -> Coreia do Sul | BK15: =VLOOKUP($BI15,$AP$6:$AY$17,3,FALSE) -> 3 | BL15: =VLOOKUP($BI15,$AP$6:$AY$17,4,FALSE) -> 3 | BM15: =VLOOKUP($BI15,$AP$6:$AY$17,5,FALSE) -> 1 | BN15: =VLOOKUP($BI15,$AP$6:$AY$17,6,FALSE) -> 0 | BO15: =VLOOKUP($BI15,$AP$6:$AY$17,7,FALSE) -> 2 | BP15: =VLOOKUP($BI15,$AP$6:$AY$17,8,FALSE) -> 2 | BQ15: =VLOOKUP($BI15,$AP$6:$AY$17,9,FALSE) -> 3 | BR15: =VLOOKUP($BI15,$AP$6:$AY$17,10,FALSE) -> -1
B16: C | C16: 46186 | D16: 07.00 | E16: =P18 -> Brasil | F16: 1 | G16: x | H16: 1 | I16: =P19 -> Marrocos | J16: =IF(F16=H16,"empate",IF(F16>H16,E16,I16)) -> empate | K16: =IF(F16="","",IF(H16="","",IF(J16="empate",E16,""))) -> Brasil | L16: =IF(E16="","",IF(F16="","",IF(M16="empate",I16,""))) -> Marrocos | M16: =IF(F16=H16,"empate",IF(F16<H16,E16,I16)) -> empate | P16: Grupo C | AE16: Grupo C | AP16: =RANK(AR16,$AR$6:$AR$17)+SUM(BB16:BE16) -> 1 | AQ16: =AF68 -> RD Congo | AR16: =(AT16*3)+(AU16*1) -> 4 | AS16: =SUM(AT16:AV16) -> 3 | AT16: =VLOOKUP(AQ16,$P$5:$X$75,4,FALSE) -> 1 | AU16: =VLOOKUP(AQ16,$P$5:$X$75,5,FALSE) -> 1 | AV16: =VLOOKUP(AQ16,$P$5:$X$75,6,FALSE) -> 1 | AW16: =VLOOKUP(AQ16,$P$5:$X$75,7,FALSE) -> 4 | AX16: =VLOOKUP(AQ16,$P$5:$X$75,8,FALSE) -> 3 | AY16: =AW16-AX16 -> 1 | AZ16: K | BA16: =AQ16 -> RD Congo | BB16: =SUMPRODUCT(($AR$6:$AR$17=AR16)*($AY$6:$AY$17>AY16)) -> 0 | BC16: =SUMPRODUCT(($AR$6:$AR$17=AR16)*($AY$6:$AY$17=AY16)*($AW$6:$AW$17>AW16)) -> 0 | BD16: =SUMPRODUCT(($AR$6:$AR$17=AR16)*($AY$6:$AY$17=AY16)*($AW$6:$AW$17=AW16)*($AX$6:$AX$17>AX16)) -> 0 | BE16: =SUMPRODUCT(($AR$6:$AR$17=AR16)*($AY$6:$AY$17=AY16)*($AW$6:$AW$17=AW16)*($AX$6:$AX$17=AX16)*($BF$6:$BF$17<BF16)) -> 0 | BF16: 11 | BI16: 11 | BJ16: =VLOOKUP($BI16,$AP$6:$AY$17,2,FALSE) -> Escócia | BK16: =VLOOKUP($BI16,$AP$6:$AY$17,3,FALSE) -> 3 | BL16: =VLOOKUP($BI16,$AP$6:$AY$17,4,FALSE) -> 3 | BM16: =VLOOKUP($BI16,$AP$6:$AY$17,5,FALSE) -> 1 | BN16: =VLOOKUP($BI16,$AP$6:$AY$17,6,FALSE) -> 0 | BO16: =VLOOKUP($BI16,$AP$6:$AY$17,7,FALSE) -> 2 | BP16: =VLOOKUP($BI16,$AP$6:$AY$17,8,FALSE) -> 1 | BQ16: =VLOOKUP($BI16,$AP$6:$AY$17,9,FALSE) -> 4 | BR16: =VLOOKUP($BI16,$AP$6:$AY$17,10,FALSE) -> -3
B17: C | C17: 46186 | D17: 13.00 | E17: =P20 -> Haiti | F17: 0 | G17: x | H17: 1 | I17: =P21 -> Escócia | J17: =IF(F17=H17,"empate",IF(F17>H17,E17,I17)) -> Escócia | K17: =IF(F17="","",IF(H17="","",IF(J17="empate",E17,""))) | L17: =IF(E17="","",IF(F17="","",IF(M17="empate",I17,""))) | M17: =IF(F17=H17,"empate",IF(F17<H17,E17,I17)) -> Haiti | O17: Rk | P17: Sorteio | Q17: Pontos | R17: Jogos | S17: Vit | T17: Emp | U17: Der | V17: GP | W17: GC | X17: SG | Y17: SAL | Z17: PRO | AA17: CON | AB17: NM | AC17: Or. | AE17: P. | AF17: Seleção | AG17: P | AH17: J | AI17: V | AJ17: E | AK17: D | AL17: GP | AM17: GC | AN17: SG | AP17: =RANK(AR17,$AR$6:$AR$17)+SUM(BB17:BE17) -> 4 | AQ17: =AF74 -> Gana | AR17: =(AT17*3)+(AU17*1) -> 4 | AS17: =SUM(AT17:AV17) -> 3 | AT17: =VLOOKUP(AQ17,$P$5:$X$75,4,FALSE) -> 1 | AU17: =VLOOKUP(AQ17,$P$5:$X$75,5,FALSE) -> 1 | AV17: =VLOOKUP(AQ17,$P$5:$X$75,6,FALSE) -> 1 | AW17: =VLOOKUP(AQ17,$P$5:$X$75,7,FALSE) -> 2 | AX17: =VLOOKUP(AQ17,$P$5:$X$75,8,FALSE) -> 2 | AY17: =AW17-AX17 -> 0 | AZ17: L | BA17: =AQ17 -> Gana | BB17: =SUMPRODUCT(($AR$6:$AR$17=AR17)*($AY$6:$AY$17>AY17)) -> 1 | BC17: =SUMPRODUCT(($AR$6:$AR$17=AR17)*($AY$6:$AY$17=AY17)*($AW$6:$AW$17>AW17)) -> 1 | BD17: =SUMPRODUCT(($AR$6:$AR$17=AR17)*($AY$6:$AY$17=AY17)*($AW$6:$AW$17=AW17)*($AX$6:$AX$17>AX17)) -> 0 | BE17: =SUMPRODUCT(($AR$6:$AR$17=AR17)*($AY$6:$AY$17=AY17)*($AW$6:$AW$17=AW17)*($AX$6:$AX$17=AX17)*($BF$6:$BF$17<BF17)) -> 1 | BF17: 12 | BI17: 12 | BJ17: =VLOOKUP($BI17,$AP$6:$AY$17,2,FALSE) -> Uruguai | BK17: =VLOOKUP($BI17,$AP$6:$AY$17,3,FALSE) -> 2 | BL17: =VLOOKUP($BI17,$AP$6:$AY$17,4,FALSE) -> 3 | BM17: =VLOOKUP($BI17,$AP$6:$AY$17,5,FALSE) -> 0 | BN17: =VLOOKUP($BI17,$AP$6:$AY$17,6,FALSE) -> 2 | BO17: =VLOOKUP($BI17,$AP$6:$AY$17,7,FALSE) -> 1 | BP17: =VLOOKUP($BI17,$AP$6:$AY$17,8,FALSE) -> 3 | BQ17: =VLOOKUP($BI17,$AP$6:$AY$17,9,FALSE) -> 4 | BR17: =VLOOKUP($BI17,$AP$6:$AY$17,10,FALSE) -> -1
B18: C | C18: 46192 | D18: 12.00 | E18: =P18 -> Brasil | F18: 3 | G18: x | H18: 0 | I18: =P20 -> Haiti | J18: =IF(F18=H18,"empate",IF(F18>H18,E18,I18)) -> Brasil | K18: =IF(F18="","",IF(H18="","",IF(J18="empate",E18,""))) | L18: =IF(E18="","",IF(F18="","",IF(M18="empate",I18,""))) | M18: =IF(F18=H18,"empate",IF(F18<H18,E18,I18)) -> Haiti | O18: =RANK(Q18,$Q$18:$Q$21)+SUM(Y18:AB18) -> 1 | P18: =Sorteios!I6 -> Brasil | Q18: =(S18*3)+(T18*1) -> 7 | R18: =SUM(S18:U18) -> 3 | S18: =COUNTIF(J:J,P18) -> 2 | T18: =COUNTIF(K:K,P18)+COUNTIF(L:L,P18) -> 1 | U18: =COUNTIF(M:M,P18) -> 0 | V18: =SUMIF(E:E,P18,F:F)+SUMIF(I:I,P18,H:H) -> 7 | W18: =SUMIF(E:E,P18,H:H)+SUMIF(I:I,P18,F:F) -> 1 | X18: =V18-W18 -> 6 | Y18: =SUMPRODUCT(($Q$18:$Q$21=Q18)*($X$18:$X$21>X18)) -> 0 | Z18: =SUMPRODUCT(($Q$18:$Q$21=Q18)*($X$18:$X$21=X18)*($V$18:$V$21>V18)) -> 0 | AA18: =SUMPRODUCT(($Q$18:$Q$21=Q18)*($X$18:$X$21=X18)*($V$18:$V$21=V18)*($W$18:$W$21>W18)) -> 0 | AB18: =SUMPRODUCT(($Q$18:$Q$21=Q18)*($X$18:$X$21=X18)*($V$18:$V$21=V18)*($W$18:$W$21=W18)*($AC$18:$AC$21<AC18)) -> 0 | AC18: 1 | AE18: 1 | AF18: =VLOOKUP($AE18,$O$18:$X$21,2,FALSE) -> Brasil | AG18: =VLOOKUP($AE18,$O$18:$X$21,3,FALSE) -> 7 | AH18: =VLOOKUP($AE18,$O$18:$X$21,4,FALSE) -> 3 | AI18: =VLOOKUP($AE18,$O$18:$X$21,5,FALSE) -> 2 | AJ18: =VLOOKUP($AE18,$O$18:$X$21,6,FALSE) -> 1 | AK18: =VLOOKUP($AE18,$O$18:$X$21,7,FALSE) -> 0 | AL18: =VLOOKUP($AE18,$O$18:$X$21,8,FALSE) -> 7 | AM18: =VLOOKUP($AE18,$O$18:$X$21,9,FALSE) -> 1 | AN18: =VLOOKUP($AE18,$O$18:$X$21,10,FALSE) -> 6 | BL18: =SUM(BL6:BL17) -> 36
B19: C | C19: 46192 | D19: 09.00 | E19: =P21 -> Escócia | F19: 0 | G19: x | H19: 1 | I19: =P19 -> Marrocos | J19: =IF(F19=H19,"empate",IF(F19>H19,E19,I19)) -> Marrocos | K19: =IF(F19="","",IF(H19="","",IF(J19="empate",E19,""))) | L19: =IF(E19="","",IF(F19="","",IF(M19="empate",I19,""))) | M19: =IF(F19=H19,"empate",IF(F19<H19,E19,I19)) -> Escócia | O19: =RANK(Q19,$Q$18:$Q$21)+SUM(Y19:AB19) -> 2 | P19: =Sorteios!I7 -> Marrocos | Q19: =(S19*3)+(T19*1) -> 7 | R19: =SUM(S19:U19) -> 3 | S19: =COUNTIF(J:J,P19) -> 2 | T19: =COUNTIF(K:K,P19)+COUNTIF(L:L,P19) -> 1 | U19: =COUNTIF(M:M,P19) -> 0 | V19: =SUMIF(E:E,P19,F:F)+SUMIF(I:I,P19,H:H) -> 6 | W19: =SUMIF(E:E,P19,H:H)+SUMIF(I:I,P19,F:F) -> 3 | X19: =V19-W19 -> 3 | Y19: =SUMPRODUCT(($Q$18:$Q$21=Q19)*($X$18:$X$21>X19)) -> 1 | Z19: =SUMPRODUCT(($Q$18:$Q$21=Q19)*($X$18:$X$21=X19)*($V$18:$V$21>V19)) -> 0 | AA19: =SUMPRODUCT(($Q$18:$Q$21=Q19)*($X$18:$X$21=X19)*($V$18:$V$21=V19)*($W$18:$W$21>W19)) -> 0 | AB19: =SUMPRODUCT(($Q$18:$Q$21=Q19)*($X$18:$X$21=X19)*($V$18:$V$21=V19)*($W$18:$W$21=W19)*($AC$18:$AC$21<AC19)) -> 0 | AC19: 2 | AE19: 2 | AF19: =VLOOKUP($AE19,$O$18:$X$21,2,FALSE) -> Marrocos | AG19: =VLOOKUP($AE19,$O$18:$X$21,3,FALSE) -> 7 | AH19: =VLOOKUP($AE19,$O$18:$X$21,4,FALSE) -> 3 | AI19: =VLOOKUP($AE19,$O$18:$X$21,5,FALSE) -> 2 | AJ19: =VLOOKUP($AE19,$O$18:$X$21,6,FALSE) -> 1 | AK19: =VLOOKUP($AE19,$O$18:$X$21,7,FALSE) -> 0 | AL19: =VLOOKUP($AE19,$O$18:$X$21,8,FALSE) -> 6 | AM19: =VLOOKUP($AE19,$O$18:$X$21,9,FALSE) -> 3 | AN19: =VLOOKUP($AE19,$O$18:$X$21,10,FALSE) -> 3
B20: C | C20: 46197 | D20: 11.00 | E20: =P21 -> Escócia | F20: 0 | G20: x | H20: 3 | I20: =P18 -> Brasil | J20: =IF(F20=H20,"empate",IF(F20>H20,E20,I20)) -> Brasil | K20: =IF(F20="","",IF(H20="","",IF(J20="empate",E20,""))) | L20: =IF(E20="","",IF(F20="","",IF(M20="empate",I20,""))) | M20: =IF(F20=H20,"empate",IF(F20<H20,E20,I20)) -> Escócia | O20: =RANK(Q20,$Q$18:$Q$21)+SUM(Y20:AB20) -> 4 | P20: =Sorteios!I8 -> Haiti | Q20: =(S20*3)+(T20*1) -> 0 | R20: =SUM(S20:U20) -> 3 | S20: =COUNTIF(J:J,P20) -> 0 | T20: =COUNTIF(K:K,P20)+COUNTIF(L:L,P20) -> 0 | U20: =COUNTIF(M:M,P20) -> 3 | V20: =SUMIF(E:E,P20,F:F)+SUMIF(I:I,P20,H:H) -> 2 | W20: =SUMIF(E:E,P20,H:H)+SUMIF(I:I,P20,F:F) -> 8 | X20: =V20-W20 -> -6 | Y20: =SUMPRODUCT(($Q$18:$Q$21=Q20)*($X$18:$X$21>X20)) -> 0 | Z20: =SUMPRODUCT(($Q$18:$Q$21=Q20)*($X$18:$X$21=X20)*($V$18:$V$21>V20)) -> 0 | AA20: =SUMPRODUCT(($Q$18:$Q$21=Q20)*($X$18:$X$21=X20)*($V$18:$V$21=V20)*($W$18:$W$21>W20)) -> 0 | AB20: =SUMPRODUCT(($Q$18:$Q$21=Q20)*($X$18:$X$21=X20)*($V$18:$V$21=V20)*($W$18:$W$21=W20)*($AC$18:$AC$21<AC20)) -> 0 | AC20: 3 | AE20: 3 | AF20: =VLOOKUP($AE20,$O$18:$X$21,2,FALSE) -> Escócia | AG20: =VLOOKUP($AE20,$O$18:$X$21,3,FALSE) -> 3 | AH20: =VLOOKUP($AE20,$O$18:$X$21,4,FALSE) -> 3 | AI20: =VLOOKUP($AE20,$O$18:$X$21,5,FALSE) -> 1 | AJ20: =VLOOKUP($AE20,$O$18:$X$21,6,FALSE) -> 0 | AK20: =VLOOKUP($AE20,$O$18:$X$21,7,FALSE) -> 2 | AL20: =VLOOKUP($AE20,$O$18:$X$21,8,FALSE) -> 1 | AM20: =VLOOKUP($AE20,$O$18:$X$21,9,FALSE) -> 4 | AN20: =VLOOKUP($AE20,$O$18:$X$21,10,FALSE) -> -3
B21: C | C21: 46197 | D21: 11.00 | E21: =P19 -> Marrocos | F21: 4 | G21: x | H21: 2 | I21: =P20 -> Haiti | J21: =IF(F21=H21,"empate",IF(F21>H21,E21,I21)) -> Marrocos | K21: =IF(F21="","",IF(H21="","",IF(J21="empate",E21,""))) | L21: =IF(E21="","",IF(F21="","",IF(M21="empate",I21,""))) | M21: =IF(F21=H21,"empate",IF(F21<H21,E21,I21)) -> Haiti | O21: =RANK(Q21,$Q$18:$Q$21)+SUM(Y21:AB21) -> 3 | P21: =Sorteios!I9 -> Escócia | Q21: =(S21*3)+(T21*1) -> 3 | R21: =SUM(S21:U21) -> 3 | S21: =COUNTIF(J:J,P21) -> 1 | T21: =COUNTIF(K:K,P21)+COUNTIF(L:L,P21) -> 0 | U21: =COUNTIF(M:M,P21) -> 2 | V21: =SUMIF(E:E,P21,F:F)+SUMIF(I:I,P21,H:H) -> 1 | W21: =SUMIF(E:E,P21,H:H)+SUMIF(I:I,P21,F:F) -> 4 | X21: =V21-W21 -> -3 | Y21: =SUMPRODUCT(($Q$18:$Q$21=Q21)*($X$18:$X$21>X21)) -> 0 | Z21: =SUMPRODUCT(($Q$18:$Q$21=Q21)*($X$18:$X$21=X21)*($V$18:$V$21>V21)) -> 0 | AA21: =SUMPRODUCT(($Q$18:$Q$21=Q21)*($X$18:$X$21=X21)*($V$18:$V$21=V21)*($W$18:$W$21>W21)) -> 0 | AB21: =SUMPRODUCT(($Q$18:$Q$21=Q21)*($X$18:$X$21=X21)*($V$18:$V$21=V21)*($W$18:$W$21=W21)*($AC$18:$AC$21<AC21)) -> 0 | AC21: 4 | AE21: 4 | AF21: =VLOOKUP($AE21,$O$18:$X$21,2,FALSE) -> Haiti | AG21: =VLOOKUP($AE21,$O$18:$X$21,3,FALSE) -> 0 | AH21: =VLOOKUP($AE21,$O$18:$X$21,4,FALSE) -> 3 | AI21: =VLOOKUP($AE21,$O$18:$X$21,5,FALSE) -> 0 | AJ21: =VLOOKUP($AE21,$O$18:$X$21,6,FALSE) -> 0 | AK21: =VLOOKUP($AE21,$O$18:$X$21,7,FALSE) -> 3 | AL21: =VLOOKUP($AE21,$O$18:$X$21,8,FALSE) -> 2 | AM21: =VLOOKUP($AE21,$O$18:$X$21,9,FALSE) -> 8 | AN21: =VLOOKUP($AE21,$O$18:$X$21,10,FALSE) -> -6 | AP21: 1 | AQ21: =VLOOKUP($BI6,$AP$6:$AZ$17,11,FALSE) -> K | AR21: =CODE(AQ21) -> 75
B22: D | C22: 46185 | D22: 10.00 | E22: =P24 -> Estados Unidos | F22: 4 | G22: x | H22: 1 | I22: =P25 -> Paraguai | J22: =IF(F22=H22,"empate",IF(F22>H22,E22,I22)) -> Estados Unidos | K22: =IF(F22="","",IF(H22="","",IF(J22="empate",E22,""))) | L22: =IF(E22="","",IF(F22="","",IF(M22="empate",I22,""))) | M22: =IF(F22=H22,"empate",IF(F22<H22,E22,I22)) -> Paraguai | P22: Grupo D | AE22: Grupo D | AP22: 2 | AQ22: =VLOOKUP($BI7,$AP$6:$AZ$17,11,FALSE) -> F | AR22: =CODE(AQ22) -> 70 | BJ22: Apoio
B23: D | C23: 46186 | D23: 16.00 | E23: =P26 -> Austrália | F23: 2 | G23: x | H23: 0 | I23: =P27 -> Turquia | J23: =IF(F23=H23,"empate",IF(F23>H23,E23,I23)) -> Austrália | K23: =IF(F23="","",IF(H23="","",IF(J23="empate",E23,""))) | L23: =IF(E23="","",IF(F23="","",IF(M23="empate",I23,""))) | M23: =IF(F23=H23,"empate",IF(F23<H23,E23,I23)) -> Turquia | O23: Rk | P23: Sorteio | Q23: Pontos | R23: Jogos | S23: Vit | T23: Emp | U23: Der | V23: GP | W23: GC | X23: SG | Y23: SAL | Z23: PRO | AA23: CON | AB23: NM | AC23: Or. | AE23: P. | AF23: Seleção | AG23: P | AH23: J | AI23: V | AJ23: E | AK23: D | AL23: GP | AM23: GC | AN23: SG | AP23: 3 | AQ23: =VLOOKUP($BI8,$AP$6:$AZ$17,11,FALSE) -> E | AR23: =CODE(AQ23) -> 69
B24: D | C24: 46192 | D24: 15.00 | E24: =P24 -> Estados Unidos | F24: 2 | G24: x | H24: 0 | I24: =P26 -> Austrália | J24: =IF(F24=H24,"empate",IF(F24>H24,E24,I24)) -> Estados Unidos | K24: =IF(F24="","",IF(H24="","",IF(J24="empate",E24,""))) | L24: =IF(E24="","",IF(F24="","",IF(M24="empate",I24,""))) | M24: =IF(F24=H24,"empate",IF(F24<H24,E24,I24)) -> Austrália | O24: =RANK(Q24,$Q$24:$Q$27)+SUM(Y24:AB24) -> 1 | P24: =Sorteios!C14 -> Estados Unidos | Q24: =(S24*3)+(T24*1) -> 6 | R24: =SUM(S24:U24) -> 3 | S24: =COUNTIF(J:J,P24) -> 2 | T24: =COUNTIF(K:K,P24)+COUNTIF(L:L,P24) -> 0 | U24: =COUNTIF(M:M,P24) -> 1 | V24: =SUMIF(E:E,P24,F:F)+SUMIF(I:I,P24,H:H) -> 8 | W24: =SUMIF(E:E,P24,H:H)+SUMIF(I:I,P24,F:F) -> 4 | X24: =V24-W24 -> 4 | Y24: =SUMPRODUCT(($Q$24:$Q$27=Q24)*($X$24:$X$27>X24)) -> 0 | Z24: =SUMPRODUCT(($Q$24:$Q$27=Q24)*($X$24:$X$27=X24)*($V$24:$V$27>V24)) -> 0 | AA24: =SUMPRODUCT(($Q$24:$Q$27=Q24)*($X$24:$X$27=X24)*($V$24:$V$27=V24)*($W$24:$W$27>W24)) -> 0 | AB24: =SUMPRODUCT(($Q$24:$Q$27=Q24)*($X$24:$X$27=X24)*($V$24:$V$27=V24)*($W$24:$W$27=W24)*($AC$24:$AC$27<AC24)) -> 0 | AC24: 1 | AE24: 1 | AF24: =VLOOKUP($AE24,$O$24:$X$27,2,FALSE) -> Estados Unidos | AG24: =VLOOKUP($AE24,$O$24:$X$27,3,FALSE) -> 6 | AH24: =VLOOKUP($AE24,$O$24:$X$27,4,FALSE) -> 3 | AI24: =VLOOKUP($AE24,$O$24:$X$27,5,FALSE) -> 2 | AJ24: =VLOOKUP($AE24,$O$24:$X$27,6,FALSE) -> 0 | AK24: =VLOOKUP($AE24,$O$24:$X$27,7,FALSE) -> 1 | AL24: =VLOOKUP($AE24,$O$24:$X$27,8,FALSE) -> 8 | AM24: =VLOOKUP($AE24,$O$24:$X$27,9,FALSE) -> 4 | AN24: =VLOOKUP($AE24,$O$24:$X$27,10,FALSE) -> 4 | AP24: 4 | AQ24: =VLOOKUP($BI9,$AP$6:$AZ$17,11,FALSE) -> L | AR24: =CODE(AQ24) -> 76
B25: D | C25: 46192 | D25: 12.00 | E25: =P27 -> Turquia | F25: 0 | G25: x | H25: 1 | I25: =P25 -> Paraguai | J25: =IF(F25=H25,"empate",IF(F25>H25,E25,I25)) -> Paraguai | K25: =IF(F25="","",IF(H25="","",IF(J25="empate",E25,""))) | L25: =IF(E25="","",IF(F25="","",IF(M25="empate",I25,""))) | M25: =IF(F25=H25,"empate",IF(F25<H25,E25,I25)) -> Turquia | O25: =RANK(Q25,$Q$24:$Q$27)+SUM(Y25:AB25) -> 3 | P25: =Sorteios!C15 -> Paraguai | Q25: =(S25*3)+(T25*1) -> 4 | R25: =SUM(S25:U25) -> 3 | S25: =COUNTIF(J:J,P25) -> 1 | T25: =COUNTIF(K:K,P25)+COUNTIF(L:L,P25) -> 1 | U25: =COUNTIF(M:M,P25) -> 1 | V25: =SUMIF(E:E,P25,F:F)+SUMIF(I:I,P25,H:H) -> 2 | W25: =SUMIF(E:E,P25,H:H)+SUMIF(I:I,P25,F:F) -> 4 | X25: =V25-W25 -> -2 | Y25: =SUMPRODUCT(($Q$24:$Q$27=Q25)*($X$24:$X$27>X25)) -> 1 | Z25: =SUMPRODUCT(($Q$24:$Q$27=Q25)*($X$24:$X$27=X25)*($V$24:$V$27>V25)) -> 0 | AA25: =SUMPRODUCT(($Q$24:$Q$27=Q25)*($X$24:$X$27=X25)*($V$24:$V$27=V25)*($W$24:$W$27>W25)) -> 0 | AB25: =SUMPRODUCT(($Q$24:$Q$27=Q25)*($X$24:$X$27=X25)*($V$24:$V$27=V25)*($W$24:$W$27=W25)*($AC$24:$AC$27<AC25)) -> 0 | AC25: 2 | AE25: 2 | AF25: =VLOOKUP($AE25,$O$24:$X$27,2,FALSE) -> Austrália | AG25: =VLOOKUP($AE25,$O$24:$X$27,3,FALSE) -> 4 | AH25: =VLOOKUP($AE25,$O$24:$X$27,4,FALSE) -> 3 | AI25: =VLOOKUP($AE25,$O$24:$X$27,5,FALSE) -> 1 | AJ25: =VLOOKUP($AE25,$O$24:$X$27,6,FALSE) -> 1 | AK25: =VLOOKUP($AE25,$O$24:$X$27,7,FALSE) -> 1 | AL25: =VLOOKUP($AE25,$O$24:$X$27,8,FALSE) -> 2 | AM25: =VLOOKUP($AE25,$O$24:$X$27,9,FALSE) -> 2 | AN25: =VLOOKUP($AE25,$O$24:$X$27,10,FALSE) -> 0 | AP25: 5 | AQ25: =VLOOKUP($BI10,$AP$6:$AZ$17,11,FALSE) -> B | AR25: =CODE(AQ25) -> 66
B26: D | C26: 46198 | D26: 15.00 | E26: =P27 -> Turquia | F26: 3 | G26: x | H26: 2 | I26: =P24 -> Estados Unidos | J26: =IF(F26=H26,"empate",IF(F26>H26,E26,I26)) -> Turquia | K26: =IF(F26="","",IF(H26="","",IF(J26="empate",E26,""))) | L26: =IF(E26="","",IF(F26="","",IF(M26="empate",I26,""))) | M26: =IF(F26=H26,"empate",IF(F26<H26,E26,I26)) -> Estados Unidos | O26: =RANK(Q26,$Q$24:$Q$27)+SUM(Y26:AB26) -> 2 | P26: =Sorteios!C16 -> Austrália | Q26: =(S26*3)+(T26*1) -> 4 | R26: =SUM(S26:U26) -> 3 | S26: =COUNTIF(J:J,P26) -> 1 | T26: =COUNTIF(K:K,P26)+COUNTIF(L:L,P26) -> 1 | U26: =COUNTIF(M:M,P26) -> 1 | V26: =SUMIF(E:E,P26,F:F)+SUMIF(I:I,P26,H:H) -> 2 | W26: =SUMIF(E:E,P26,H:H)+SUMIF(I:I,P26,F:F) -> 2 | X26: =V26-W26 -> 0 | Y26: =SUMPRODUCT(($Q$24:$Q$27=Q26)*($X$24:$X$27>X26)) -> 0 | Z26: =SUMPRODUCT(($Q$24:$Q$27=Q26)*($X$24:$X$27=X26)*($V$24:$V$27>V26)) -> 0 | AA26: =SUMPRODUCT(($Q$24:$Q$27=Q26)*($X$24:$X$27=X26)*($V$24:$V$27=V26)*($W$24:$W$27>W26)) -> 0 | AB26: =SUMPRODUCT(($Q$24:$Q$27=Q26)*($X$24:$X$27=X26)*($V$24:$V$27=V26)*($W$24:$W$27=W26)*($AC$24:$AC$27<AC26)) -> 0 | AC26: 3 | AE26: 3 | AF26: =VLOOKUP($AE26,$O$24:$X$27,2,FALSE) -> Paraguai | AG26: =VLOOKUP($AE26,$O$24:$X$27,3,FALSE) -> 4 | AH26: =VLOOKUP($AE26,$O$24:$X$27,4,FALSE) -> 3 | AI26: =VLOOKUP($AE26,$O$24:$X$27,5,FALSE) -> 1 | AJ26: =VLOOKUP($AE26,$O$24:$X$27,6,FALSE) -> 1 | AK26: =VLOOKUP($AE26,$O$24:$X$27,7,FALSE) -> 1 | AL26: =VLOOKUP($AE26,$O$24:$X$27,8,FALSE) -> 2 | AM26: =VLOOKUP($AE26,$O$24:$X$27,9,FALSE) -> 4 | AN26: =VLOOKUP($AE26,$O$24:$X$27,10,FALSE) -> -2 | AP26: 6 | AQ26: =VLOOKUP($BI11,$AP$6:$AZ$17,11,FALSE) -> J | AR26: =CODE(AQ26) -> 74
B27: D | C27: 46198 | D27: 15.00 | E27: =P25 -> Paraguai | F27: 0 | G27: x | H27: 0 | I27: =P26 -> Austrália | J27: =IF(F27=H27,"empate",IF(F27>H27,E27,I27)) -> empate | K27: =IF(F27="","",IF(H27="","",IF(J27="empate",E27,""))) -> Paraguai | L27: =IF(E27="","",IF(F27="","",IF(M27="empate",I27,""))) -> Austrália | M27: =IF(F27=H27,"empate",IF(F27<H27,E27,I27)) -> empate | O27: =RANK(Q27,$Q$24:$Q$27)+SUM(Y27:AB27) -> 4 | P27: =Sorteios!C17 -> Turquia | Q27: =(S27*3)+(T27*1) -> 3 | R27: =SUM(S27:U27) -> 3 | S27: =COUNTIF(J:J,P27) -> 1 | T27: =COUNTIF(K:K,P27)+COUNTIF(L:L,P27) -> 0 | U27: =COUNTIF(M:M,P27) -> 2 | V27: =SUMIF(E:E,P27,F:F)+SUMIF(I:I,P27,H:H) -> 3 | W27: =SUMIF(E:E,P27,H:H)+SUMIF(I:I,P27,F:F) -> 5 | X27: =V27-W27 -> -2 | Y27: =SUMPRODUCT(($Q$24:$Q$27=Q27)*($X$24:$X$27>X27)) -> 0 | Z27: =SUMPRODUCT(($Q$24:$Q$27=Q27)*($X$24:$X$27=X27)*($V$24:$V$27>V27)) -> 0 | AA27: =SUMPRODUCT(($Q$24:$Q$27=Q27)*($X$24:$X$27=X27)*($V$24:$V$27=V27)*($W$24:$W$27>W27)) -> 0 | AB27: =SUMPRODUCT(($Q$24:$Q$27=Q27)*($X$24:$X$27=X27)*($V$24:$V$27=V27)*($W$24:$W$27=W27)*($AC$24:$AC$27<AC27)) -> 0 | AC27: 4 | AE27: 4 | AF27: =VLOOKUP($AE27,$O$24:$X$27,2,FALSE) -> Turquia | AG27: =VLOOKUP($AE27,$O$24:$X$27,3,FALSE) -> 3 | AH27: =VLOOKUP($AE27,$O$24:$X$27,4,FALSE) -> 3 | AI27: =VLOOKUP($AE27,$O$24:$X$27,5,FALSE) -> 1 | AJ27: =VLOOKUP($AE27,$O$24:$X$27,6,FALSE) -> 0 | AK27: =VLOOKUP($AE27,$O$24:$X$27,7,FALSE) -> 2 | AL27: =VLOOKUP($AE27,$O$24:$X$27,8,FALSE) -> 3 | AM27: =VLOOKUP($AE27,$O$24:$X$27,9,FALSE) -> 5 | AN27: =VLOOKUP($AE27,$O$24:$X$27,10,FALSE) -> -2 | AP27: 7 | AQ27: =VLOOKUP($BI12,$AP$6:$AZ$17,11,FALSE) -> D | AR27: =CODE(AQ27) -> 68
B28: E | C28: 46187 | D28: 15.00 | E28: =P30 -> Alemanha | F28: 7 | G28: x | H28: 1 | I28: =P31 -> Curaçau | J28: =IF(F28=H28,"empate",IF(F28>H28,E28,I28)) -> Alemanha | K28: =IF(F28="","",IF(H28="","",IF(J28="empate",E28,""))) | L28: =IF(E28="","",IF(F28="","",IF(M28="empate",I28,""))) | M28: =IF(F28=H28,"empate",IF(F28<H28,E28,I28)) -> Curaçau | P28: Grupo E | AE28: Grupo E | AP28: 8 | AQ28: =VLOOKUP($BI13,$AP$6:$AZ$17,11,FALSE) -> I | AR28: =CODE(AQ28) -> 73
B29: E | C29: 46187 | D29: 09.00 | E29: =P32 -> Costa do Marfim | F29: 1 | G29: x | H29: 0 | I29: =P33 -> Equador | J29: =IF(F29=H29,"empate",IF(F29>H29,E29,I29)) -> Costa do Marfim | K29: =IF(F29="","",IF(H29="","",IF(J29="empate",E29,""))) | L29: =IF(E29="","",IF(F29="","",IF(M29="empate",I29,""))) | M29: =IF(F29=H29,"empate",IF(F29<H29,E29,I29)) -> Equador | O29: Rk | P29: Sorteio | Q29: Pontos | R29: Jogos | S29: Vit | T29: Emp | U29: Der | V29: GP | W29: GC | X29: SG | Y29: SAL | Z29: PRO | AA29: CON | AB29: NM | AC29: Or. | AE29: P. | AF29: Seleção | AG29: P | AH29: J | AI29: V | AJ29: E | AK29: D | AL29: GP | AM29: GC | AN29: SG
B30: E | C30: 46193 | D30: 09.00 | E30: =P30 -> Alemanha | F30: 2 | G30: x | H30: 1 | I30: =P32 -> Costa do Marfim | J30: =IF(F30=H30,"empate",IF(F30>H30,E30,I30)) -> Alemanha | K30: =IF(F30="","",IF(H30="","",IF(J30="empate",E30,""))) | L30: =IF(E30="","",IF(F30="","",IF(M30="empate",I30,""))) | M30: =IF(F30=H30,"empate",IF(F30<H30,E30,I30)) -> Costa do Marfim | O30: =RANK(Q30,$Q$30:$Q$33)+SUM(Y30:AB30) -> 1 | P30: =Sorteios!F14 -> Alemanha | Q30: =(S30*3)+(T30*1) -> 6 | R30: =SUM(S30:U30) -> 3 | S30: =COUNTIF(J:J,P30) -> 2 | T30: =COUNTIF(K:K,P30)+COUNTIF(L:L,P30) -> 0 | U30: =COUNTIF(M:M,P30) -> 1 | V30: =SUMIF(E:E,P30,F:F)+SUMIF(I:I,P30,H:H) -> 10 | W30: =SUMIF(E:E,P30,H:H)+SUMIF(I:I,P30,F:F) -> 4 | X30: =V30-W30 -> 6 | Y30: =SUMPRODUCT(($Q$30:$Q$33=Q30)*($X$30:$X$33>X30)) -> 0 | Z30: =SUMPRODUCT(($Q$30:$Q$33=Q30)*($X$30:$X$33=X30)*($V$30:$V$33>V30)) -> 0 | AA30: =SUMPRODUCT(($Q$30:$Q$33=Q30)*($X$30:$X$33=X30)*($V$30:$V$33=V30)*($W$30:$W$33>W30)) -> 0 | AB30: =SUMPRODUCT(($Q$30:$Q$33=Q30)*($X$30:$X$33=X30)*($V$30:$V$33=V30)*($W$30:$W$33=W30)*($AC$30:$AC$33<AC30)) -> 0 | AC30: 1 | AE30: 1 | AF30: =VLOOKUP($AE30,$O$30:$X$33,2,FALSE) -> Alemanha | AG30: =VLOOKUP($AE30,$O$30:$X$33,3,FALSE) -> 6 | AH30: =VLOOKUP($AE30,$O$30:$X$33,4,FALSE) -> 3 | AI30: =VLOOKUP($AE30,$O$30:$X$33,5,FALSE) -> 2 | AJ30: =VLOOKUP($AE30,$O$30:$X$33,6,FALSE) -> 0 | AK30: =VLOOKUP($AE30,$O$30:$X$33,7,FALSE) -> 1 | AL30: =VLOOKUP($AE30,$O$30:$X$33,8,FALSE) -> 10 | AM30: =VLOOKUP($AE30,$O$30:$X$33,9,FALSE) -> 4 | AN30: =VLOOKUP($AE30,$O$30:$X$33,10,FALSE) -> 6 | AQ30: =CHAR(SMALL($AR$21:$AR$28,1)) -> B | AR30: =_xlfn.CONCAT(3,AQ30) -> 3B | AS30: =VLOOKUP(AQ30,$AZ$6:$BA$17,2,FALSE) -> Bósnia
B31: E | C31: 46193 | D31: 15.00 | E31: =P33 -> Equador | F31: 0 | G31: x | H31: 0 | I31: =P31 -> Curaçau | J31: =IF(F31=H31,"empate",IF(F31>H31,E31,I31)) -> empate | K31: =IF(F31="","",IF(H31="","",IF(J31="empate",E31,""))) -> Equador | L31: =IF(E31="","",IF(F31="","",IF(M31="empate",I31,""))) -> Curaçau | M31: =IF(F31=H31,"empate",IF(F31<H31,E31,I31)) -> empate | O31: =RANK(Q31,$Q$30:$Q$33)+SUM(Y31:AB31) -> 4 | P31: =Sorteios!F15 -> Curaçau | Q31: =(S31*3)+(T31*1) -> 1 | R31: =SUM(S31:U31) -> 3 | S31: =COUNTIF(J:J,P31) -> 0 | T31: =COUNTIF(K:K,P31)+COUNTIF(L:L,P31) -> 1 | U31: =COUNTIF(M:M,P31) -> 2 | V31: =SUMIF(E:E,P31,F:F)+SUMIF(I:I,P31,H:H) -> 1 | W31: =SUMIF(E:E,P31,H:H)+SUMIF(I:I,P31,F:F) -> 9 | X31: =V31-W31 -> -8 | Y31: =SUMPRODUCT(($Q$30:$Q$33=Q31)*($X$30:$X$33>X31)) -> 0 | Z31: =SUMPRODUCT(($Q$30:$Q$33=Q31)*($X$30:$X$33=X31)*($V$30:$V$33>V31)) -> 0 | AA31: =SUMPRODUCT(($Q$30:$Q$33=Q31)*($X$30:$X$33=X31)*($V$30:$V$33=V31)*($W$30:$W$33>W31)) -> 0 | AB31: =SUMPRODUCT(($Q$30:$Q$33=Q31)*($X$30:$X$33=X31)*($V$30:$V$33=V31)*($W$30:$W$33=W31)*($AC$30:$AC$33<AC31)) -> 0 | AC31: 2 | AE31: 2 | AF31: =VLOOKUP($AE31,$O$30:$X$33,2,FALSE) -> Costa do Marfim | AG31: =VLOOKUP($AE31,$O$30:$X$33,3,FALSE) -> 6 | AH31: =VLOOKUP($AE31,$O$30:$X$33,4,FALSE) -> 3 | AI31: =VLOOKUP($AE31,$O$30:$X$33,5,FALSE) -> 2 | AJ31: =VLOOKUP($AE31,$O$30:$X$33,6,FALSE) -> 0 | AK31: =VLOOKUP($AE31,$O$30:$X$33,7,FALSE) -> 1 | AL31: =VLOOKUP($AE31,$O$30:$X$33,8,FALSE) -> 4 | AM31: =VLOOKUP($AE31,$O$30:$X$33,9,FALSE) -> 2 | AN31: =VLOOKUP($AE31,$O$30:$X$33,10,FALSE) -> 2 | AQ31: =CHAR(SMALL($AR$21:$AR$28,2)) -> D | AR31: =_xlfn.CONCAT(3,AQ31) -> 3D | AS31: =VLOOKUP(AQ31,$AZ$6:$BA$17,2,FALSE) -> Paraguai
B32: E | C32: 46198 | D32: 15.00 | E32: =P33 -> Equador | F32: 2 | G32: x | H32: 1 | I32: =P30 -> Alemanha | J32: =IF(F32=H32,"empate",IF(F32>H32,E32,I32)) -> Equador | K32: =IF(F32="","",IF(H32="","",IF(J32="empate",E32,""))) | L32: =IF(E32="","",IF(F32="","",IF(M32="empate",I32,""))) | M32: =IF(F32=H32,"empate",IF(F32<H32,E32,I32)) -> Alemanha | O32: =RANK(Q32,$Q$30:$Q$33)+SUM(Y32:AB32) -> 2 | P32: =Sorteios!F16 -> Costa do Marfim | Q32: =(S32*3)+(T32*1) -> 6 | R32: =SUM(S32:U32) -> 3 | S32: =COUNTIF(J:J,P32) -> 2 | T32: =COUNTIF(K:K,P32)+COUNTIF(L:L,P32) -> 0 | U32: =COUNTIF(M:M,P32) -> 1 | V32: =SUMIF(E:E,P32,F:F)+SUMIF(I:I,P32,H:H) -> 4 | W32: =SUMIF(E:E,P32,H:H)+SUMIF(I:I,P32,F:F) -> 2 | X32: =V32-W32 -> 2 | Y32: =SUMPRODUCT(($Q$30:$Q$33=Q32)*($X$30:$X$33>X32)) -> 1 | Z32: =SUMPRODUCT(($Q$30:$Q$33=Q32)*($X$30:$X$33=X32)*($V$30:$V$33>V32)) -> 0 | AA32: =SUMPRODUCT(($Q$30:$Q$33=Q32)*($X$30:$X$33=X32)*($V$30:$V$33=V32)*($W$30:$W$33>W32)) -> 0 | AB32: =SUMPRODUCT(($Q$30:$Q$33=Q32)*($X$30:$X$33=X32)*($V$30:$V$33=V32)*($W$30:$W$33=W32)*($AC$30:$AC$33<AC32)) -> 0 | AC32: 3 | AE32: 3 | AF32: =VLOOKUP($AE32,$O$30:$X$33,2,FALSE) -> Equador | AG32: =VLOOKUP($AE32,$O$30:$X$33,3,FALSE) -> 4 | AH32: =VLOOKUP($AE32,$O$30:$X$33,4,FALSE) -> 3 | AI32: =VLOOKUP($AE32,$O$30:$X$33,5,FALSE) -> 1 | AJ32: =VLOOKUP($AE32,$O$30:$X$33,6,FALSE) -> 1 | AK32: =VLOOKUP($AE32,$O$30:$X$33,7,FALSE) -> 1 | AL32: =VLOOKUP($AE32,$O$30:$X$33,8,FALSE) -> 2 | AM32: =VLOOKUP($AE32,$O$30:$X$33,9,FALSE) -> 2 | AN32: =VLOOKUP($AE32,$O$30:$X$33,10,FALSE) -> 0 | AQ32: =CHAR(SMALL($AR$21:$AR$28,3)) -> E | AR32: =_xlfn.CONCAT(3,AQ32) -> 3E | AS32: =VLOOKUP(AQ32,$AZ$6:$BA$17,2,FALSE) -> Equador
B33: E | C33: 46198 | D33: 15.00 | E33: =P31 -> Curaçau | F33: 0 | G33: x | H33: 2 | I33: =P32 -> Costa do Marfim | J33: =IF(F33=H33,"empate",IF(F33>H33,E33,I33)) -> Costa do Marfim | K33: =IF(F33="","",IF(H33="","",IF(J33="empate",E33,""))) | L33: =IF(E33="","",IF(F33="","",IF(M33="empate",I33,""))) | M33: =IF(F33=H33,"empate",IF(F33<H33,E33,I33)) -> Curaçau | O33: =RANK(Q33,$Q$30:$Q$33)+SUM(Y33:AB33) -> 3 | P33: =Sorteios!F17 -> Equador | Q33: =(S33*3)+(T33*1) -> 4 | R33: =SUM(S33:U33) -> 3 | S33: =COUNTIF(J:J,P33) -> 1 | T33: =COUNTIF(K:K,P33)+COUNTIF(L:L,P33) -> 1 | U33: =COUNTIF(M:M,P33) -> 1 | V33: =SUMIF(E:E,P33,F:F)+SUMIF(I:I,P33,H:H) -> 2 | W33: =SUMIF(E:E,P33,H:H)+SUMIF(I:I,P33,F:F) -> 2 | X33: =V33-W33 -> 0 | Y33: =SUMPRODUCT(($Q$30:$Q$33=Q33)*($X$30:$X$33>X33)) -> 0 | Z33: =SUMPRODUCT(($Q$30:$Q$33=Q33)*($X$30:$X$33=X33)*($V$30:$V$33>V33)) -> 0 | AA33: =SUMPRODUCT(($Q$30:$Q$33=Q33)*($X$30:$X$33=X33)*($V$30:$V$33=V33)*($W$30:$W$33>W33)) -> 0 | AB33: =SUMPRODUCT(($Q$30:$Q$33=Q33)*($X$30:$X$33=X33)*($V$30:$V$33=V33)*($W$30:$W$33=W33)*($AC$30:$AC$33<AC33)) -> 0 | AC33: 4 | AE33: 4 | AF33: =VLOOKUP($AE33,$O$30:$X$33,2,FALSE) -> Curaçau | AG33: =VLOOKUP($AE33,$O$30:$X$33,3,FALSE) -> 1 | AH33: =VLOOKUP($AE33,$O$30:$X$33,4,FALSE) -> 3 | AI33: =VLOOKUP($AE33,$O$30:$X$33,5,FALSE) -> 0 | AJ33: =VLOOKUP($AE33,$O$30:$X$33,6,FALSE) -> 1 | AK33: =VLOOKUP($AE33,$O$30:$X$33,7,FALSE) -> 2 | AL33: =VLOOKUP($AE33,$O$30:$X$33,8,FALSE) -> 1 | AM33: =VLOOKUP($AE33,$O$30:$X$33,9,FALSE) -> 9 | AN33: =VLOOKUP($AE33,$O$30:$X$33,10,FALSE) -> -8 | AQ33: =CHAR(SMALL($AR$21:$AR$28,4)) -> F | AR33: =_xlfn.CONCAT(3,AQ33) -> 3F | AS33: =VLOOKUP(AQ33,$AZ$6:$BA$17,2,FALSE) -> Suécia
B34: F | C34: 46187 | D34: 12.00 | E34: =P36 -> Países Baixos | F34: 2 | G34: x | H34: 2 | I34: =P37 -> Japão | J34: =IF(F34=H34,"empate",IF(F34>H34,E34,I34)) -> empate | K34: =IF(F34="","",IF(H34="","",IF(J34="empate",E34,""))) -> Países Baixos | L34: =IF(E34="","",IF(F34="","",IF(M34="empate",I34,""))) -> Japão | M34: =IF(F34=H34,"empate",IF(F34<H34,E34,I34)) -> empate | P34: Grupo F | AE34: Grupo F | AQ34: =CHAR(SMALL($AR$21:$AR$28,5)) -> I | AR34: =_xlfn.CONCAT(3,AQ34) -> 3I | AS34: =VLOOKUP(AQ34,$AZ$6:$BA$17,2,FALSE) -> Senegal
B35: F | C35: 46187 | D35: 09.00 | E35: =P38 -> Suécia | F35: 5 | G35: x | H35: 1 | I35: =P39 -> Tunísia | J35: =IF(F35=H35,"empate",IF(F35>H35,E35,I35)) -> Suécia | K35: =IF(F35="","",IF(H35="","",IF(J35="empate",E35,""))) | L35: =IF(E35="","",IF(F35="","",IF(M35="empate",I35,""))) | M35: =IF(F35=H35,"empate",IF(F35<H35,E35,I35)) -> Tunísia | O35: Rk | P35: Sorteio | Q35: Pontos | R35: Jogos | S35: Vit | T35: Emp | U35: Der | V35: GP | W35: GC | X35: SG | Y35: SAL | Z35: PRO | AA35: CON | AB35: NM | AC35: Or. | AE35: P. | AF35: Seleção | AG35: P | AH35: J | AI35: V | AJ35: E | AK35: D | AL35: GP | AM35: GC | AN35: SG | AQ35: =CHAR(SMALL($AR$21:$AR$28,6)) -> J | AR35: =_xlfn.CONCAT(3,AQ35) -> 3J | AS35: =VLOOKUP(AQ35,$AZ$6:$BA$17,2,FALSE) -> Argélia
B36: F | C36: 46193 | D36: 15.00 | E36: =P36 -> Países Baixos | F36: 5 | G36: x | H36: 1 | I36: =P38 -> Suécia | J36: =IF(F36=H36,"empate",IF(F36>H36,E36,I36)) -> Países Baixos | K36: =IF(F36="","",IF(H36="","",IF(J36="empate",E36,""))) | L36: =IF(E36="","",IF(F36="","",IF(M36="empate",I36,""))) | M36: =IF(F36=H36,"empate",IF(F36<H36,E36,I36)) -> Suécia | O36: =RANK(Q36,$Q$36:$Q$39)+SUM(Y36:AB36) -> 1 | P36: =Sorteios!I14 -> Países Baixos | Q36: =(S36*3)+(T36*1) -> 7 | R36: =SUM(S36:U36) -> 3 | S36: =COUNTIF(J:J,P36) -> 2 | T36: =COUNTIF(K:K,P36)+COUNTIF(L:L,P36) -> 1 | U36: =COUNTIF(M:M,P36) -> 0 | V36: =SUMIF(E:E,P36,F:F)+SUMIF(I:I,P36,H:H) -> 10 | W36: =SUMIF(E:E,P36,H:H)+SUMIF(I:I,P36,F:F) -> 4 | X36: =V36-W36 -> 6 | Y36: =SUMPRODUCT(($Q$36:$Q$39=Q36)*($X$36:$X$39>X36)) -> 0 | Z36: =SUMPRODUCT(($Q$36:$Q$39=Q36)*($X$36:$X$39=X36)*($V$36:$V$39>V36)) -> 0 | AA36: =SUMPRODUCT(($Q$36:$Q$39=Q36)*($X$36:$X$39=X36)*($V$36:$V$39=V36)*($W$36:$W$39>W36)) -> 0 | AB36: =SUMPRODUCT(($Q$36:$Q$39=Q36)*($X$36:$X$39=X36)*($V$36:$V$39=V36)*($W$36:$W$39=W36)*($AC$36:$AC$39<AC36)) -> 0 | AC36: 1 | AE36: 1 | AF36: =VLOOKUP($AE36,$O$36:$X$39,2,FALSE) -> Países Baixos | AG36: =VLOOKUP($AE36,$O$36:$X$39,3,FALSE) -> 7 | AH36: =VLOOKUP($AE36,$O$36:$X$39,4,FALSE) -> 3 | AI36: =VLOOKUP($AE36,$O$36:$X$39,5,FALSE) -> 2 | AJ36: =VLOOKUP($AE36,$O$36:$X$39,6,FALSE) -> 1 | AK36: =VLOOKUP($AE36,$O$36:$X$39,7,FALSE) -> 0 | AL36: =VLOOKUP($AE36,$O$36:$X$39,8,FALSE) -> 10 | AM36: =VLOOKUP($AE36,$O$36:$X$39,9,FALSE) -> 4 | AN36: =VLOOKUP($AE36,$O$36:$X$39,10,FALSE) -> 6 | AQ36: =CHAR(SMALL($AR$21:$AR$28,7)) -> K | AR36: =_xlfn.CONCAT(3,AQ36) -> 3K | AS36: =VLOOKUP(AQ36,$AZ$6:$BA$17,2,FALSE) -> RD Congo
B37: F | C37: 46193 | D37: 12.00 | E37: =P39 -> Tunísia | F37: 0 | G37: x | H37: 4 | I37: =P37 -> Japão | J37: =IF(F37=H37,"empate",IF(F37>H37,E37,I37)) -> Japão | K37: =IF(F37="","",IF(H37="","",IF(J37="empate",E37,""))) | L37: =IF(E37="","",IF(F37="","",IF(M37="empate",I37,""))) | M37: =IF(F37=H37,"empate",IF(F37<H37,E37,I37)) -> Tunísia | O37: =RANK(Q37,$Q$36:$Q$39)+SUM(Y37:AB37) -> 2 | P37: =Sorteios!I15 -> Japão | Q37: =(S37*3)+(T37*1) -> 5 | R37: =SUM(S37:U37) -> 3 | S37: =COUNTIF(J:J,P37) -> 1 | T37: =COUNTIF(K:K,P37)+COUNTIF(L:L,P37) -> 2 | U37: =COUNTIF(M:M,P37) -> 0 | V37: =SUMIF(E:E,P37,F:F)+SUMIF(I:I,P37,H:H) -> 7 | W37: =SUMIF(E:E,P37,H:H)+SUMIF(I:I,P37,F:F) -> 3 | X37: =V37-W37 -> 4 | Y37: =SUMPRODUCT(($Q$36:$Q$39=Q37)*($X$36:$X$39>X37)) -> 0 | Z37: =SUMPRODUCT(($Q$36:$Q$39=Q37)*($X$36:$X$39=X37)*($V$36:$V$39>V37)) -> 0 | AA37: =SUMPRODUCT(($Q$36:$Q$39=Q37)*($X$36:$X$39=X37)*($V$36:$V$39=V37)*($W$36:$W$39>W37)) -> 0 | AB37: =SUMPRODUCT(($Q$36:$Q$39=Q37)*($X$36:$X$39=X37)*($V$36:$V$39=V37)*($W$36:$W$39=W37)*($AC$36:$AC$39<AC37)) -> 0 | AC37: 2 | AE37: 2 | AF37: =VLOOKUP($AE37,$O$36:$X$39,2,FALSE) -> Japão | AG37: =VLOOKUP($AE37,$O$36:$X$39,3,FALSE) -> 5 | AH37: =VLOOKUP($AE37,$O$36:$X$39,4,FALSE) -> 3 | AI37: =VLOOKUP($AE37,$O$36:$X$39,5,FALSE) -> 1 | AJ37: =VLOOKUP($AE37,$O$36:$X$39,6,FALSE) -> 2 | AK37: =VLOOKUP($AE37,$O$36:$X$39,7,FALSE) -> 0 | AL37: =VLOOKUP($AE37,$O$36:$X$39,8,FALSE) -> 7 | AM37: =VLOOKUP($AE37,$O$36:$X$39,9,FALSE) -> 3 | AN37: =VLOOKUP($AE37,$O$36:$X$39,10,FALSE) -> 4 | AQ37: =CHAR(SMALL($AR$21:$AR$28,8)) -> L | AR37: =_xlfn.CONCAT(3,AQ37) -> 3L | AS37: =VLOOKUP(AQ37,$AZ$6:$BA$17,2,FALSE) -> Gana
B38: F | C38: 46198 | D38: 11.00 | E38: =P39 -> Tunísia | F38: 1 | G38: x | H38: 3 | I38: =P36 -> Países Baixos | J38: =IF(F38=H38,"empate",IF(F38>H38,E38,I38)) -> Países Baixos | K38: =IF(F38="","",IF(H38="","",IF(J38="empate",E38,""))) | L38: =IF(E38="","",IF(F38="","",IF(M38="empate",I38,""))) | M38: =IF(F38=H38,"empate",IF(F38<H38,E38,I38)) -> Tunísia | O38: =RANK(Q38,$Q$36:$Q$39)+SUM(Y38:AB38) -> 3 | P38: =Sorteios!I16 -> Suécia | Q38: =(S38*3)+(T38*1) -> 4 | R38: =SUM(S38:U38) -> 3 | S38: =COUNTIF(J:J,P38) -> 1 | T38: =COUNTIF(K:K,P38)+COUNTIF(L:L,P38) -> 1 | U38: =COUNTIF(M:M,P38) -> 1 | V38: =SUMIF(E:E,P38,F:F)+SUMIF(I:I,P38,H:H) -> 7 | W38: =SUMIF(E:E,P38,H:H)+SUMIF(I:I,P38,F:F) -> 7 | X38: =V38-W38 -> 0 | Y38: =SUMPRODUCT(($Q$36:$Q$39=Q38)*($X$36:$X$39>X38)) -> 0 | Z38: =SUMPRODUCT(($Q$36:$Q$39=Q38)*($X$36:$X$39=X38)*($V$36:$V$39>V38)) -> 0 | AA38: =SUMPRODUCT(($Q$36:$Q$39=Q38)*($X$36:$X$39=X38)*($V$36:$V$39=V38)*($W$36:$W$39>W38)) -> 0 | AB38: =SUMPRODUCT(($Q$36:$Q$39=Q38)*($X$36:$X$39=X38)*($V$36:$V$39=V38)*($W$36:$W$39=W38)*($AC$36:$AC$39<AC38)) -> 0 | AC38: 3 | AE38: 3 | AF38: =VLOOKUP($AE38,$O$36:$X$39,2,FALSE) -> Suécia | AG38: =VLOOKUP($AE38,$O$36:$X$39,3,FALSE) -> 4 | AH38: =VLOOKUP($AE38,$O$36:$X$39,4,FALSE) -> 3 | AI38: =VLOOKUP($AE38,$O$36:$X$39,5,FALSE) -> 1 | AJ38: =VLOOKUP($AE38,$O$36:$X$39,6,FALSE) -> 1 | AK38: =VLOOKUP($AE38,$O$36:$X$39,7,FALSE) -> 1 | AL38: =VLOOKUP($AE38,$O$36:$X$39,8,FALSE) -> 7 | AM38: =VLOOKUP($AE38,$O$36:$X$39,9,FALSE) -> 7 | AN38: =VLOOKUP($AE38,$O$36:$X$39,10,FALSE) -> 0
B39: F | C39: 46198 | D39: 11.00 | E39: =P37 -> Japão | F39: 1 | G39: x | H39: 1 | I39: =P38 -> Suécia | J39: =IF(F39=H39,"empate",IF(F39>H39,E39,I39)) -> empate | K39: =IF(F39="","",IF(H39="","",IF(J39="empate",E39,""))) -> Japão | L39: =IF(E39="","",IF(F39="","",IF(M39="empate",I39,""))) -> Suécia | M39: =IF(F39=H39,"empate",IF(F39<H39,E39,I39)) -> empate | O39: =RANK(Q39,$Q$36:$Q$39)+SUM(Y39:AB39) -> 4 | P39: =Sorteios!I17 -> Tunísia | Q39: =(S39*3)+(T39*1) -> 0 | R39: =SUM(S39:U39) -> 3 | S39: =COUNTIF(J:J,P39) -> 0 | T39: =COUNTIF(K:K,P39)+COUNTIF(L:L,P39) -> 0 | U39: =COUNTIF(M:M,P39) -> 3 | V39: =SUMIF(E:E,P39,F:F)+SUMIF(I:I,P39,H:H) -> 2 | W39: =SUMIF(E:E,P39,H:H)+SUMIF(I:I,P39,F:F) -> 12 | X39: =V39-W39 -> -10 | Y39: =SUMPRODUCT(($Q$36:$Q$39=Q39)*($X$36:$X$39>X39)) -> 0 | Z39: =SUMPRODUCT(($Q$36:$Q$39=Q39)*($X$36:$X$39=X39)*($V$36:$V$39>V39)) -> 0 | AA39: =SUMPRODUCT(($Q$36:$Q$39=Q39)*($X$36:$X$39=X39)*($V$36:$V$39=V39)*($W$36:$W$39>W39)) -> 0 | AB39: =SUMPRODUCT(($Q$36:$Q$39=Q39)*($X$36:$X$39=X39)*($V$36:$V$39=V39)*($W$36:$W$39=W39)*($AC$36:$AC$39<AC39)) -> 0 | AC39: 4 | AE39: 4 | AF39: =VLOOKUP($AE39,$O$36:$X$39,2,FALSE) -> Tunísia | AG39: =VLOOKUP($AE39,$O$36:$X$39,3,FALSE) -> 0 | AH39: =VLOOKUP($AE39,$O$36:$X$39,4,FALSE) -> 3 | AI39: =VLOOKUP($AE39,$O$36:$X$39,5,FALSE) -> 0 | AJ39: =VLOOKUP($AE39,$O$36:$X$39,6,FALSE) -> 0 | AK39: =VLOOKUP($AE39,$O$36:$X$39,7,FALSE) -> 3 | AL39: =VLOOKUP($AE39,$O$36:$X$39,8,FALSE) -> 2 | AM39: =VLOOKUP($AE39,$O$36:$X$39,9,FALSE) -> 12 | AN39: =VLOOKUP($AE39,$O$36:$X$39,10,FALSE) -> -10 | AQ39: =_xlfn.CONCAT(AQ30:AQ37) -> BDEFIJKL | AR39: =VLOOKUP(AQ39,Dummy!O:X,10,FALSE) -> 3E3J3B3D3I3F3L3K
B40: G | C40: 46188 | D40: 12.00 | E40: =P42 -> Bélgica | F40: 1 | G40: x | H40: 1 | I40: =P43 -> Egito | J40: =IF(F40=H40,"empate",IF(F40>H40,E40,I40)) -> empate | K40: =IF(F40="","",IF(H40="","",IF(J40="empate",E40,""))) -> Bélgica | L40: =IF(E40="","",IF(F40="","",IF(M40="empate",I40,""))) -> Egito | M40: =IF(F40=H40,"empate",IF(F40<H40,E40,I40)) -> empate | P40: Grupo G | AE40: Grupo G
B41: G | C41: 46188 | D41: 15.00 | E41: =P44 -> Irã | F41: 2 | G41: x | H41: 2 | I41: =P45 -> Nova Zelândia | J41: =IF(F41=H41,"empate",IF(F41>H41,E41,I41)) -> empate | K41: =IF(F41="","",IF(H41="","",IF(J41="empate",E41,""))) -> Irã | L41: =IF(E41="","",IF(F41="","",IF(M41="empate",I41,""))) -> Nova Zelândia | M41: =IF(F41=H41,"empate",IF(F41<H41,E41,I41)) -> empate | O41: Rk | P41: Sorteio | Q41: Pontos | R41: Jogos | S41: Vit | T41: Emp | U41: Der | V41: GP | W41: GC | X41: SG | Y41: SAL | Z41: PRO | AA41: CON | AB41: NM | AC41: Or. | AE41: P. | AF41: Seleção | AG41: P | AH41: J | AI41: V | AJ41: E | AK41: D | AL41: GP | AM41: GC | AN41: SG
B42: G | C42: 46194 | D42: 09.00 | E42: =P42 -> Bélgica | F42: 0 | G42: x | H42: 0 | I42: =P44 -> Irã | J42: =IF(F42=H42,"empate",IF(F42>H42,E42,I42)) -> empate | K42: =IF(F42="","",IF(H42="","",IF(J42="empate",E42,""))) -> Bélgica | L42: =IF(E42="","",IF(F42="","",IF(M42="empate",I42,""))) -> Irã | M42: =IF(F42=H42,"empate",IF(F42<H42,E42,I42)) -> empate | O42: =RANK(Q42,$Q$42:$Q$45)+SUM(Y42:AB42) -> 1 | P42: =Sorteios!C22 -> Bélgica | Q42: =(S42*3)+(T42*1) -> 5 | R42: =SUM(S42:U42) -> 3 | S42: =COUNTIF(J:J,P42) -> 1 | T42: =COUNTIF(K:K,P42)+COUNTIF(L:L,P42) -> 2 | U42: =COUNTIF(M:M,P42) -> 0 | V42: =SUMIF(E:E,P42,F:F)+SUMIF(I:I,P42,H:H) -> 6 | W42: =SUMIF(E:E,P42,H:H)+SUMIF(I:I,P42,F:F) -> 2 | X42: =V42-W42 -> 4 | Y42: =SUMPRODUCT(($Q$42:$Q$45=Q42)*($X$42:$X$45>X42)) -> 0 | Z42: =SUMPRODUCT(($Q$42:$Q$45=Q42)*($X$42:$X$45=X42)*($V$42:$V$45>V42)) -> 0 | AA42: =SUMPRODUCT(($Q$42:$Q$45=Q42)*($X$42:$X$45=X42)*($V$42:$V$45=V42)*($W$42:$W$45>W42)) -> 0 | AB42: =SUMPRODUCT(($Q$42:$Q$45=Q42)*($X$42:$X$45=X42)*($V$42:$V$45=V42)*($W$42:$W$45=W42)*($AC$42:$AC$45<AC42)) -> 0 | AC42: 1 | AE42: 1 | AF42: =VLOOKUP($AE42,$O$42:$X$45,2,FALSE) -> Bélgica | AG42: =VLOOKUP($AE42,$O$42:$X$45,3,FALSE) -> 5 | AH42: =VLOOKUP($AE42,$O$42:$X$45,4,FALSE) -> 3 | AI42: =VLOOKUP($AE42,$O$42:$X$45,5,FALSE) -> 1 | AJ42: =VLOOKUP($AE42,$O$42:$X$45,6,FALSE) -> 2 | AK42: =VLOOKUP($AE42,$O$42:$X$45,7,FALSE) -> 0 | AL42: =VLOOKUP($AE42,$O$42:$X$45,8,FALSE) -> 6 | AM42: =VLOOKUP($AE42,$O$42:$X$45,9,FALSE) -> 2 | AN42: =VLOOKUP($AE42,$O$42:$X$45,10,FALSE) -> 4
B43: G | C43: 46194 | D43: 09.00 | E43: =P45 -> Nova Zelândia | F43: 1 | G43: x | H43: 3 | I43: =P43 -> Egito | J43: =IF(F43=H43,"empate",IF(F43>H43,E43,I43)) -> Egito | K43: =IF(F43="","",IF(H43="","",IF(J43="empate",E43,""))) | L43: =IF(E43="","",IF(F43="","",IF(M43="empate",I43,""))) | M43: =IF(F43=H43,"empate",IF(F43<H43,E43,I43)) -> Nova Zelândia | O43: =RANK(Q43,$Q$42:$Q$45)+SUM(Y43:AB43) -> 2 | P43: =Sorteios!C23 -> Egito | Q43: =(S43*3)+(T43*1) -> 5 | R43: =SUM(S43:U43) -> 3 | S43: =COUNTIF(J:J,P43) -> 1 | T43: =COUNTIF(K:K,P43)+COUNTIF(L:L,P43) -> 2 | U43: =COUNTIF(M:M,P43) -> 0 | V43: =SUMIF(E:E,P43,F:F)+SUMIF(I:I,P43,H:H) -> 5 | W43: =SUMIF(E:E,P43,H:H)+SUMIF(I:I,P43,F:F) -> 3 | X43: =V43-W43 -> 2 | Y43: =SUMPRODUCT(($Q$42:$Q$45=Q43)*($X$42:$X$45>X43)) -> 1 | Z43: =SUMPRODUCT(($Q$42:$Q$45=Q43)*($X$42:$X$45=X43)*($V$42:$V$45>V43)) -> 0 | AA43: =SUMPRODUCT(($Q$42:$Q$45=Q43)*($X$42:$X$45=X43)*($V$42:$V$45=V43)*($W$42:$W$45>W43)) -> 0 | AB43: =SUMPRODUCT(($Q$42:$Q$45=Q43)*($X$42:$X$45=X43)*($V$42:$V$45=V43)*($W$42:$W$45=W43)*($AC$42:$AC$45<AC43)) -> 0 | AC43: 2 | AE43: 2 | AF43: =VLOOKUP($AE43,$O$42:$X$45,2,FALSE) -> Egito | AG43: =VLOOKUP($AE43,$O$42:$X$45,3,FALSE) -> 5 | AH43: =VLOOKUP($AE43,$O$42:$X$45,4,FALSE) -> 3 | AI43: =VLOOKUP($AE43,$O$42:$X$45,5,FALSE) -> 1 | AJ43: =VLOOKUP($AE43,$O$42:$X$45,6,FALSE) -> 2 | AK43: =VLOOKUP($AE43,$O$42:$X$45,7,FALSE) -> 0 | AL43: =VLOOKUP($AE43,$O$42:$X$45,8,FALSE) -> 5 | AM43: =VLOOKUP($AE43,$O$42:$X$45,9,FALSE) -> 3 | AN43: =VLOOKUP($AE43,$O$42:$X$45,10,FALSE) -> 2
B44: G | C44: 46199 | D44: 15.00 | E44: =P45 -> Nova Zelândia | F44: 1 | G44: x | H44: 5 | I44: =P42 -> Bélgica | J44: =IF(F44=H44,"empate",IF(F44>H44,E44,I44)) -> Bélgica | K44: =IF(F44="","",IF(H44="","",IF(J44="empate",E44,""))) | L44: =IF(E44="","",IF(F44="","",IF(M44="empate",I44,""))) | M44: =IF(F44=H44,"empate",IF(F44<H44,E44,I44)) -> Nova Zelândia | O44: =RANK(Q44,$Q$42:$Q$45)+SUM(Y44:AB44) -> 3 | P44: =Sorteios!C24 -> Irã | Q44: =(S44*3)+(T44*1) -> 3 | R44: =SUM(S44:U44) -> 3 | S44: =COUNTIF(J:J,P44) -> 0 | T44: =COUNTIF(K:K,P44)+COUNTIF(L:L,P44) -> 3 | U44: =COUNTIF(M:M,P44) -> 0 | V44: =SUMIF(E:E,P44,F:F)+SUMIF(I:I,P44,H:H) -> 3 | W44: =SUMIF(E:E,P44,H:H)+SUMIF(I:I,P44,F:F) -> 3 | X44: =V44-W44 -> 0 | Y44: =SUMPRODUCT(($Q$42:$Q$45=Q44)*($X$42:$X$45>X44)) -> 0 | Z44: =SUMPRODUCT(($Q$42:$Q$45=Q44)*($X$42:$X$45=X44)*($V$42:$V$45>V44)) -> 0 | AA44: =SUMPRODUCT(($Q$42:$Q$45=Q44)*($X$42:$X$45=X44)*($V$42:$V$45=V44)*($W$42:$W$45>W44)) -> 0 | AB44: =SUMPRODUCT(($Q$42:$Q$45=Q44)*($X$42:$X$45=X44)*($V$42:$V$45=V44)*($W$42:$W$45=W44)*($AC$42:$AC$45<AC44)) -> 0 | AC44: 3 | AE44: 3 | AF44: =VLOOKUP($AE44,$O$42:$X$45,2,FALSE) -> Irã | AG44: =VLOOKUP($AE44,$O$42:$X$45,3,FALSE) -> 3 | AH44: =VLOOKUP($AE44,$O$42:$X$45,4,FALSE) -> 3 | AI44: =VLOOKUP($AE44,$O$42:$X$45,5,FALSE) -> 0 | AJ44: =VLOOKUP($AE44,$O$42:$X$45,6,FALSE) -> 3 | AK44: =VLOOKUP($AE44,$O$42:$X$45,7,FALSE) -> 0 | AL44: =VLOOKUP($AE44,$O$42:$X$45,8,FALSE) -> 3 | AM44: =VLOOKUP($AE44,$O$42:$X$45,9,FALSE) -> 3 | AN44: =VLOOKUP($AE44,$O$42:$X$45,10,FALSE) -> 0
B45: G | C45: 46199 | D45: 15.00 | E45: =P43 -> Egito | F45: 1 | G45: x | H45: 1 | I45: =P44 -> Irã | J45: =IF(F45=H45,"empate",IF(F45>H45,E45,I45)) -> empate | K45: =IF(F45="","",IF(H45="","",IF(J45="empate",E45,""))) -> Egito | L45: =IF(E45="","",IF(F45="","",IF(M45="empate",I45,""))) -> Irã | M45: =IF(F45=H45,"empate",IF(F45<H45,E45,I45)) -> empate | O45: =RANK(Q45,$Q$42:$Q$45)+SUM(Y45:AB45) -> 4 | P45: =Sorteios!C25 -> Nova Zelândia | Q45: =(S45*3)+(T45*1) -> 1 | R45: =SUM(S45:U45) -> 3 | S45: =COUNTIF(J:J,P45) -> 0 | T45: =COUNTIF(K:K,P45)+COUNTIF(L:L,P45) -> 1 | U45: =COUNTIF(M:M,P45) -> 2 | V45: =SUMIF(E:E,P45,F:F)+SUMIF(I:I,P45,H:H) -> 4 | W45: =SUMIF(E:E,P45,H:H)+SUMIF(I:I,P45,F:F) -> 10 | X45: =V45-W45 -> -6 | Y45: =SUMPRODUCT(($Q$42:$Q$45=Q45)*($X$42:$X$45>X45)) -> 0 | Z45: =SUMPRODUCT(($Q$42:$Q$45=Q45)*($X$42:$X$45=X45)*($V$42:$V$45>V45)) -> 0 | AA45: =SUMPRODUCT(($Q$42:$Q$45=Q45)*($X$42:$X$45=X45)*($V$42:$V$45=V45)*($W$42:$W$45>W45)) -> 0 | AB45: =SUMPRODUCT(($Q$42:$Q$45=Q45)*($X$42:$X$45=X45)*($V$42:$V$45=V45)*($W$42:$W$45=W45)*($AC$42:$AC$45<AC45)) -> 0 | AC45: 4 | AE45: 4 | AF45: =VLOOKUP($AE45,$O$42:$X$45,2,FALSE) -> Nova Zelândia | AG45: =VLOOKUP($AE45,$O$42:$X$45,3,FALSE) -> 1 | AH45: =VLOOKUP($AE45,$O$42:$X$45,4,FALSE) -> 3 | AI45: =VLOOKUP($AE45,$O$42:$X$45,5,FALSE) -> 0 | AJ45: =VLOOKUP($AE45,$O$42:$X$45,6,FALSE) -> 1 | AK45: =VLOOKUP($AE45,$O$42:$X$45,7,FALSE) -> 2 | AL45: =VLOOKUP($AE45,$O$42:$X$45,8,FALSE) -> 4 | AM45: =VLOOKUP($AE45,$O$42:$X$45,9,FALSE) -> 10 | AN45: =VLOOKUP($AE45,$O$42:$X$45,10,FALSE) -> -6
B46: H | C46: 46188 | D46: 12.00 | E46: =P48 -> Espanha | F46: 0 | G46: x | H46: 0 | I46: =P49 -> Cabo Verde | J46: =IF(F46=H46,"empate",IF(F46>H46,E46,I46)) -> empate | K46: =IF(F46="","",IF(H46="","",IF(J46="empate",E46,""))) -> Espanha | L46: =IF(E46="","",IF(F46="","",IF(M46="empate",I46,""))) -> Cabo Verde | M46: =IF(F46=H46,"empate",IF(F46<H46,E46,I46)) -> empate | P46: Grupo H | AE46: Grupo H
B47: H | C47: 46188 | D47: 09.00 | E47: =P50 -> Arábia Saudita | F47: 1 | G47: x | H47: 1 | I47: =P51 -> Uruguai | J47: =IF(F47=H47,"empate",IF(F47>H47,E47,I47)) -> empate | K47: =IF(F47="","",IF(H47="","",IF(J47="empate",E47,""))) -> Arábia Saudita | L47: =IF(E47="","",IF(F47="","",IF(M47="empate",I47,""))) -> Uruguai | M47: =IF(F47=H47,"empate",IF(F47<H47,E47,I47)) -> empate | O47: Rk | P47: Sorteio | Q47: Pontos | R47: Jogos | S47: Vit | T47: Emp | U47: Der | V47: GP | W47: GC | X47: SG | Y47: SAL | Z47: PRO | AA47: CON | AB47: NM | AC47: Or. | AE47: P. | AF47: Seleção | AG47: P | AH47: J | AI47: V | AJ47: E | AK47: D | AL47: GP | AM47: GC | AN47: SG
B48: H | C48: 46194 | D48: 15.00 | E48: =P48 -> Espanha | F48: 4 | G48: x | H48: 0 | I48: =P50 -> Arábia Saudita | J48: =IF(F48=H48,"empate",IF(F48>H48,E48,I48)) -> Espanha | K48: =IF(F48="","",IF(H48="","",IF(J48="empate",E48,""))) | L48: =IF(E48="","",IF(F48="","",IF(M48="empate",I48,""))) | M48: =IF(F48=H48,"empate",IF(F48<H48,E48,I48)) -> Arábia Saudita | O48: =RANK(Q48,$Q$48:$Q$51)+SUM(Y48:AB48) -> 1 | P48: =Sorteios!F22 -> Espanha | Q48: =(S48*3)+(T48*1) -> 7 | R48: =SUM(S48:U48) -> 3 | S48: =COUNTIF(J:J,P48) -> 2 | T48: =COUNTIF(K:K,P48)+COUNTIF(L:L,P48) -> 1 | U48: =COUNTIF(M:M,P48) -> 0 | V48: =SUMIF(E:E,P48,F:F)+SUMIF(I:I,P48,H:H) -> 5 | W48: =SUMIF(E:E,P48,H:H)+SUMIF(I:I,P48,F:F) -> 0 | X48: =V48-W48 -> 5 | Y48: =SUMPRODUCT(($Q$48:$Q$51=Q48)*($X$48:$X$51>X48)) -> 0 | Z48: =SUMPRODUCT(($Q$48:$Q$51=Q48)*($X$48:$X$51=X48)*($V$48:$V$51>V48)) -> 0 | AA48: =SUMPRODUCT(($Q$48:$Q$51=Q48)*($X$48:$X$51=X48)*($V$48:$V$51=V48)*($W$48:$W$51>W48)) -> 0 | AB48: =SUMPRODUCT(($Q$48:$Q$51=Q48)*($X$48:$X$51=X48)*($V$48:$V$51=V48)*($W$48:$W$51=W48)*($AC$48:$AC$51<AC48)) -> 0 | AC48: 1 | AE48: 1 | AF48: =VLOOKUP($AE48,$O$48:$X$51,2,FALSE) -> Espanha | AG48: =VLOOKUP($AE48,$O$48:$X$51,3,FALSE) -> 7 | AH48: =VLOOKUP($AE48,$O$48:$X$51,4,FALSE) -> 3 | AI48: =VLOOKUP($AE48,$O$48:$X$51,5,FALSE) -> 2 | AJ48: =VLOOKUP($AE48,$O$48:$X$51,6,FALSE) -> 1 | AK48: =VLOOKUP($AE48,$O$48:$X$51,7,FALSE) -> 0 | AL48: =VLOOKUP($AE48,$O$48:$X$51,8,FALSE) -> 5 | AM48: =VLOOKUP($AE48,$O$48:$X$51,9,FALSE) -> 0 | AN48: =VLOOKUP($AE48,$O$48:$X$51,10,FALSE) -> 5
B49: H | C49: 46194 | D49: 12.00 | E49: =P51 -> Uruguai | F49: 2 | G49: x | H49: 2 | I49: =P49 -> Cabo Verde | J49: =IF(F49=H49,"empate",IF(F49>H49,E49,I49)) -> empate | K49: =IF(F49="","",IF(H49="","",IF(J49="empate",E49,""))) -> Uruguai | L49: =IF(E49="","",IF(F49="","",IF(M49="empate",I49,""))) -> Cabo Verde | M49: =IF(F49=H49,"empate",IF(F49<H49,E49,I49)) -> empate | O49: =RANK(Q49,$Q$48:$Q$51)+SUM(Y49:AB49) -> 2 | P49: =Sorteios!F23 -> Cabo Verde | Q49: =(S49*3)+(T49*1) -> 3 | R49: =SUM(S49:U49) -> 3 | S49: =COUNTIF(J:J,P49) -> 0 | T49: =COUNTIF(K:K,P49)+COUNTIF(L:L,P49) -> 3 | U49: =COUNTIF(M:M,P49) -> 0 | V49: =SUMIF(E:E,P49,F:F)+SUMIF(I:I,P49,H:H) -> 2 | W49: =SUMIF(E:E,P49,H:H)+SUMIF(I:I,P49,F:F) -> 2 | X49: =V49-W49 -> 0 | Y49: =SUMPRODUCT(($Q$48:$Q$51=Q49)*($X$48:$X$51>X49)) -> 0 | Z49: =SUMPRODUCT(($Q$48:$Q$51=Q49)*($X$48:$X$51=X49)*($V$48:$V$51>V49)) -> 0 | AA49: =SUMPRODUCT(($Q$48:$Q$51=Q49)*($X$48:$X$51=X49)*($V$48:$V$51=V49)*($W$48:$W$51>W49)) -> 0 | AB49: =SUMPRODUCT(($Q$48:$Q$51=Q49)*($X$48:$X$51=X49)*($V$48:$V$51=V49)*($W$48:$W$51=W49)*($AC$48:$AC$51<AC49)) -> 0 | AC49: 2 | AE49: 2 | AF49: =VLOOKUP($AE49,$O$48:$X$51,2,FALSE) -> Cabo Verde | AG49: =VLOOKUP($AE49,$O$48:$X$51,3,FALSE) -> 3 | AH49: =VLOOKUP($AE49,$O$48:$X$51,4,FALSE) -> 3 | AI49: =VLOOKUP($AE49,$O$48:$X$51,5,FALSE) -> 0 | AJ49: =VLOOKUP($AE49,$O$48:$X$51,6,FALSE) -> 3 | AK49: =VLOOKUP($AE49,$O$48:$X$51,7,FALSE) -> 0 | AL49: =VLOOKUP($AE49,$O$48:$X$51,8,FALSE) -> 2 | AM49: =VLOOKUP($AE49,$O$48:$X$51,9,FALSE) -> 2 | AN49: =VLOOKUP($AE49,$O$48:$X$51,10,FALSE) -> 0
B50: H | C50: 46199 | D50: 11.00 | E50: =P51 -> Uruguai | F50: 0 | G50: x | H50: 1 | I50: =P48 -> Espanha | J50: =IF(F50=H50,"empate",IF(F50>H50,E50,I50)) -> Espanha | K50: =IF(F50="","",IF(H50="","",IF(J50="empate",E50,""))) | L50: =IF(E50="","",IF(F50="","",IF(M50="empate",I50,""))) | M50: =IF(F50=H50,"empate",IF(F50<H50,E50,I50)) -> Uruguai | O50: =RANK(Q50,$Q$48:$Q$51)+SUM(Y50:AB50) -> 4 | P50: =Sorteios!F24 -> Arábia Saudita | Q50: =(S50*3)+(T50*1) -> 2 | R50: =SUM(S50:U50) -> 3 | S50: =COUNTIF(J:J,P50) -> 0 | T50: =COUNTIF(K:K,P50)+COUNTIF(L:L,P50) -> 2 | U50: =COUNTIF(M:M,P50) -> 1 | V50: =SUMIF(E:E,P50,F:F)+SUMIF(I:I,P50,H:H) -> 1 | W50: =SUMIF(E:E,P50,H:H)+SUMIF(I:I,P50,F:F) -> 5 | X50: =V50-W50 -> -4 | Y50: =SUMPRODUCT(($Q$48:$Q$51=Q50)*($X$48:$X$51>X50)) -> 1 | Z50: =SUMPRODUCT(($Q$48:$Q$51=Q50)*($X$48:$X$51=X50)*($V$48:$V$51>V50)) -> 0 | AA50: =SUMPRODUCT(($Q$48:$Q$51=Q50)*($X$48:$X$51=X50)*($V$48:$V$51=V50)*($W$48:$W$51>W50)) -> 0 | AB50: =SUMPRODUCT(($Q$48:$Q$51=Q50)*($X$48:$X$51=X50)*($V$48:$V$51=V50)*($W$48:$W$51=W50)*($AC$48:$AC$51<AC50)) -> 0 | AC50: 3 | AE50: 3 | AF50: =VLOOKUP($AE50,$O$48:$X$51,2,FALSE) -> Uruguai | AG50: =VLOOKUP($AE50,$O$48:$X$51,3,FALSE) -> 2 | AH50: =VLOOKUP($AE50,$O$48:$X$51,4,FALSE) -> 3 | AI50: =VLOOKUP($AE50,$O$48:$X$51,5,FALSE) -> 0 | AJ50: =VLOOKUP($AE50,$O$48:$X$51,6,FALSE) -> 2 | AK50: =VLOOKUP($AE50,$O$48:$X$51,7,FALSE) -> 1 | AL50: =VLOOKUP($AE50,$O$48:$X$51,8,FALSE) -> 3 | AM50: =VLOOKUP($AE50,$O$48:$X$51,9,FALSE) -> 4 | AN50: =VLOOKUP($AE50,$O$48:$X$51,10,FALSE) -> -1
B51: H | C51: 46199 | D51: 11.00 | E51: =P49 -> Cabo Verde | F51: 0 | G51: x | H51: 0 | I51: =P50 -> Arábia Saudita | J51: =IF(F51=H51,"empate",IF(F51>H51,E51,I51)) -> empate | K51: =IF(F51="","",IF(H51="","",IF(J51="empate",E51,""))) -> Cabo Verde | L51: =IF(E51="","",IF(F51="","",IF(M51="empate",I51,""))) -> Arábia Saudita | M51: =IF(F51=H51,"empate",IF(F51<H51,E51,I51)) -> empate | O51: =RANK(Q51,$Q$48:$Q$51)+SUM(Y51:AB51) -> 3 | P51: =Sorteios!F25 -> Uruguai | Q51: =(S51*3)+(T51*1) -> 2 | R51: =SUM(S51:U51) -> 3 | S51: =COUNTIF(J:J,P51) -> 0 | T51: =COUNTIF(K:K,P51)+COUNTIF(L:L,P51) -> 2 | U51: =COUNTIF(M:M,P51) -> 1 | V51: =SUMIF(E:E,P51,F:F)+SUMIF(I:I,P51,H:H) -> 3 | W51: =SUMIF(E:E,P51,H:H)+SUMIF(I:I,P51,F:F) -> 4 | X51: =V51-W51 -> -1 | Y51: =SUMPRODUCT(($Q$48:$Q$51=Q51)*($X$48:$X$51>X51)) -> 0 | Z51: =SUMPRODUCT(($Q$48:$Q$51=Q51)*($X$48:$X$51=X51)*($V$48:$V$51>V51)) -> 0 | AA51: =SUMPRODUCT(($Q$48:$Q$51=Q51)*($X$48:$X$51=X51)*($V$48:$V$51=V51)*($W$48:$W$51>W51)) -> 0 | AB51: =SUMPRODUCT(($Q$48:$Q$51=Q51)*($X$48:$X$51=X51)*($V$48:$V$51=V51)*($W$48:$W$51=W51)*($AC$48:$AC$51<AC51)) -> 0 | AC51: 4 | AE51: 4 | AF51: =VLOOKUP($AE51,$O$48:$X$51,2,FALSE) -> Arábia Saudita | AG51: =VLOOKUP($AE51,$O$48:$X$51,3,FALSE) -> 2 | AH51: =VLOOKUP($AE51,$O$48:$X$51,4,FALSE) -> 3 | AI51: =VLOOKUP($AE51,$O$48:$X$51,5,FALSE) -> 0 | AJ51: =VLOOKUP($AE51,$O$48:$X$51,6,FALSE) -> 2 | AK51: =VLOOKUP($AE51,$O$48:$X$51,7,FALSE) -> 1 | AL51: =VLOOKUP($AE51,$O$48:$X$51,8,FALSE) -> 1 | AM51: =VLOOKUP($AE51,$O$48:$X$51,9,FALSE) -> 5 | AN51: =VLOOKUP($AE51,$O$48:$X$51,10,FALSE) -> -4
B52: I | C52: 46189 | D52: 15.00 | E52: =P54 -> França | F52: 3 | G52: x | H52: 1 | I52: =P55 -> Senegal | J52: =IF(F52=H52,"empate",IF(F52>H52,E52,I52)) -> França | K52: =IF(F52="","",IF(H52="","",IF(J52="empate",E52,""))) | L52: =IF(E52="","",IF(F52="","",IF(M52="empate",I52,""))) | M52: =IF(F52=H52,"empate",IF(F52<H52,E52,I52)) -> Senegal | P52: Grupo I | AE52: Grupo I
B53: I | C53: 46189 | D53: 09.00 | E53: =P56 -> Iraque | F53: 1 | G53: x | H53: 4 | I53: =P57 -> Noruega | J53: =IF(F53=H53,"empate",IF(F53>H53,E53,I53)) -> Noruega | K53: =IF(F53="","",IF(H53="","",IF(J53="empate",E53,""))) | L53: =IF(E53="","",IF(F53="","",IF(M53="empate",I53,""))) | M53: =IF(F53=H53,"empate",IF(F53<H53,E53,I53)) -> Iraque | O53: Rk | P53: Sorteio | Q53: Pontos | R53: Jogos | S53: Vit | T53: Emp | U53: Der | V53: GP | W53: GC | X53: SG | Y53: SAL | Z53: PRO | AA53: CON | AB53: NM | AC53: Or. | AE53: P. | AF53: Seleção | AG53: P | AH53: J | AI53: V | AJ53: E | AK53: D | AL53: GP | AM53: GC | AN53: SG
B54: I | C54: 46195 | D54: 09.00 | E54: =P54 -> França | F54: 3 | G54: x | H54: 0 | I54: =P56 -> Iraque | J54: =IF(F54=H54,"empate",IF(F54>H54,E54,I54)) -> França | K54: =IF(F54="","",IF(H54="","",IF(J54="empate",E54,""))) | L54: =IF(E54="","",IF(F54="","",IF(M54="empate",I54,""))) | M54: =IF(F54=H54,"empate",IF(F54<H54,E54,I54)) -> Iraque | O54: =RANK(Q54,$Q$54:$Q$57)+SUM(Y54:AB54) -> 1 | P54: =Sorteios!I22 -> França | Q54: =(S54*3)+(T54*1) -> 9 | R54: =SUM(S54:U54) -> 3 | S54: =COUNTIF(J:J,P54) -> 3 | T54: =COUNTIF(K:K,P54)+COUNTIF(L:L,P54) -> 0 | U54: =COUNTIF(M:M,P54) -> 0 | V54: =SUMIF(E:E,P54,F:F)+SUMIF(I:I,P54,H:H) -> 10 | W54: =SUMIF(E:E,P54,H:H)+SUMIF(I:I,P54,F:F) -> 2 | X54: =V54-W54 -> 8 | Y54: =SUMPRODUCT(($Q$54:$Q$57=Q54)*($X$54:$X$57>X54)) -> 0 | Z54: =SUMPRODUCT(($Q$54:$Q$57=Q54)*($X$54:$X$57=X54)*($V$54:$V$57>V54)) -> 0 | AA54: =SUMPRODUCT(($Q$54:$Q$57=Q54)*($X$54:$X$57=X54)*($V$54:$V$57=V54)*($W$54:$W$57>W54)) -> 0 | AB54: =SUMPRODUCT(($Q$54:$Q$57=Q54)*($X$54:$X$57=X54)*($V$54:$V$57=V54)*($W$54:$W$57=W54)*($AC$54:$AC$57<AC54)) -> 0 | AC54: 1 | AE54: 1 | AF54: =VLOOKUP($AE54,$O$54:$X$57,2,FALSE) -> França | AG54: =VLOOKUP($AE54,$O$54:$X$57,3,FALSE) -> 9 | AH54: =VLOOKUP($AE54,$O$54:$X$57,4,FALSE) -> 3 | AI54: =VLOOKUP($AE54,$O$54:$X$57,5,FALSE) -> 3 | AJ54: =VLOOKUP($AE54,$O$54:$X$57,6,FALSE) -> 0 | AK54: =VLOOKUP($AE54,$O$54:$X$57,7,FALSE) -> 0 | AL54: =VLOOKUP($AE54,$O$54:$X$57,8,FALSE) -> 10 | AM54: =VLOOKUP($AE54,$O$54:$X$57,9,FALSE) -> 2 | AN54: =VLOOKUP($AE54,$O$54:$X$57,10,FALSE) -> 8
B55: I | C55: 46195 | D55: 15.00 | E55: =P57 -> Noruega | F55: 3 | G55: x | H55: 2 | I55: =P55 -> Senegal | J55: =IF(F55=H55,"empate",IF(F55>H55,E55,I55)) -> Noruega | K55: =IF(F55="","",IF(H55="","",IF(J55="empate",E55,""))) | L55: =IF(E55="","",IF(F55="","",IF(M55="empate",I55,""))) | M55: =IF(F55=H55,"empate",IF(F55<H55,E55,I55)) -> Senegal | O55: =RANK(Q55,$Q$54:$Q$57)+SUM(Y55:AB55) -> 3 | P55: =Sorteios!I23 -> Senegal | Q55: =(S55*3)+(T55*1) -> 3 | R55: =SUM(S55:U55) -> 3 | S55: =COUNTIF(J:J,P55) -> 1 | T55: =COUNTIF(K:K,P55)+COUNTIF(L:L,P55) -> 0 | U55: =COUNTIF(M:M,P55) -> 2 | V55: =SUMIF(E:E,P55,F:F)+SUMIF(I:I,P55,H:H) -> 8 | W55: =SUMIF(E:E,P55,H:H)+SUMIF(I:I,P55,F:F) -> 6 | X55: =V55-W55 -> 2 | Y55: =SUMPRODUCT(($Q$54:$Q$57=Q55)*($X$54:$X$57>X55)) -> 0 | Z55: =SUMPRODUCT(($Q$54:$Q$57=Q55)*($X$54:$X$57=X55)*($V$54:$V$57>V55)) -> 0 | AA55: =SUMPRODUCT(($Q$54:$Q$57=Q55)*($X$54:$X$57=X55)*($V$54:$V$57=V55)*($W$54:$W$57>W55)) -> 0 | AB55: =SUMPRODUCT(($Q$54:$Q$57=Q55)*($X$54:$X$57=X55)*($V$54:$V$57=V55)*($W$54:$W$57=W55)*($AC$54:$AC$57<AC55)) -> 0 | AC55: 2 | AE55: 2 | AF55: =VLOOKUP($AE55,$O$54:$X$57,2,FALSE) -> Noruega | AG55: =VLOOKUP($AE55,$O$54:$X$57,3,FALSE) -> 6 | AH55: =VLOOKUP($AE55,$O$54:$X$57,4,FALSE) -> 3 | AI55: =VLOOKUP($AE55,$O$54:$X$57,5,FALSE) -> 2 | AJ55: =VLOOKUP($AE55,$O$54:$X$57,6,FALSE) -> 0 | AK55: =VLOOKUP($AE55,$O$54:$X$57,7,FALSE) -> 1 | AL55: =VLOOKUP($AE55,$O$54:$X$57,8,FALSE) -> 8 | AM55: =VLOOKUP($AE55,$O$54:$X$57,9,FALSE) -> 7 | AN55: =VLOOKUP($AE55,$O$54:$X$57,10,FALSE) -> 1
B56: I | C56: 46199 | D56: 15.00 | E56: =P57 -> Noruega | F56: 1 | G56: x | H56: 4 | I56: =P54 -> França | J56: =IF(F56=H56,"empate",IF(F56>H56,E56,I56)) -> França | K56: =IF(F56="","",IF(H56="","",IF(J56="empate",E56,""))) | L56: =IF(E56="","",IF(F56="","",IF(M56="empate",I56,""))) | M56: =IF(F56=H56,"empate",IF(F56<H56,E56,I56)) -> Noruega | O56: =RANK(Q56,$Q$54:$Q$57)+SUM(Y56:AB56) -> 4 | P56: =Sorteios!I24 -> Iraque | Q56: =(S56*3)+(T56*1) -> 0 | R56: =SUM(S56:U56) -> 3 | S56: =COUNTIF(J:J,P56) -> 0 | T56: =COUNTIF(K:K,P56)+COUNTIF(L:L,P56) -> 0 | U56: =COUNTIF(M:M,P56) -> 3 | V56: =SUMIF(E:E,P56,F:F)+SUMIF(I:I,P56,H:H) -> 1 | W56: =SUMIF(E:E,P56,H:H)+SUMIF(I:I,P56,F:F) -> 12 | X56: =V56-W56 -> -11 | Y56: =SUMPRODUCT(($Q$54:$Q$57=Q56)*($X$54:$X$57>X56)) -> 0 | Z56: =SUMPRODUCT(($Q$54:$Q$57=Q56)*($X$54:$X$57=X56)*($V$54:$V$57>V56)) -> 0 | AA56: =SUMPRODUCT(($Q$54:$Q$57=Q56)*($X$54:$X$57=X56)*($V$54:$V$57=V56)*($W$54:$W$57>W56)) -> 0 | AB56: =SUMPRODUCT(($Q$54:$Q$57=Q56)*($X$54:$X$57=X56)*($V$54:$V$57=V56)*($W$54:$W$57=W56)*($AC$54:$AC$57<AC56)) -> 0 | AC56: 3 | AE56: 3 | AF56: =VLOOKUP($AE56,$O$54:$X$57,2,FALSE) -> Senegal | AG56: =VLOOKUP($AE56,$O$54:$X$57,3,FALSE) -> 3 | AH56: =VLOOKUP($AE56,$O$54:$X$57,4,FALSE) -> 3 | AI56: =VLOOKUP($AE56,$O$54:$X$57,5,FALSE) -> 1 | AJ56: =VLOOKUP($AE56,$O$54:$X$57,6,FALSE) -> 0 | AK56: =VLOOKUP($AE56,$O$54:$X$57,7,FALSE) -> 2 | AL56: =VLOOKUP($AE56,$O$54:$X$57,8,FALSE) -> 8 | AM56: =VLOOKUP($AE56,$O$54:$X$57,9,FALSE) -> 6 | AN56: =VLOOKUP($AE56,$O$54:$X$57,10,FALSE) -> 2
B57: I | C57: 46199 | D57: 15.00 | E57: =P55 -> Senegal | F57: 5 | G57: x | H57: 0 | I57: =P56 -> Iraque | J57: =IF(F57=H57,"empate",IF(F57>H57,E57,I57)) -> Senegal | K57: =IF(F57="","",IF(H57="","",IF(J57="empate",E57,""))) | L57: =IF(E57="","",IF(F57="","",IF(M57="empate",I57,""))) | M57: =IF(F57=H57,"empate",IF(F57<H57,E57,I57)) -> Iraque | O57: =RANK(Q57,$Q$54:$Q$57)+SUM(Y57:AB57) -> 2 | P57: =Sorteios!I25 -> Noruega | Q57: =(S57*3)+(T57*1) -> 6 | R57: =SUM(S57:U57) -> 3 | S57: =COUNTIF(J:J,P57) -> 2 | T57: =COUNTIF(K:K,P57)+COUNTIF(L:L,P57) -> 0 | U57: =COUNTIF(M:M,P57) -> 1 | V57: =SUMIF(E:E,P57,F:F)+SUMIF(I:I,P57,H:H) -> 8 | W57: =SUMIF(E:E,P57,H:H)+SUMIF(I:I,P57,F:F) -> 7 | X57: =V57-W57 -> 1 | Y57: =SUMPRODUCT(($Q$54:$Q$57=Q57)*($X$54:$X$57>X57)) -> 0 | Z57: =SUMPRODUCT(($Q$54:$Q$57=Q57)*($X$54:$X$57=X57)*($V$54:$V$57>V57)) -> 0 | AA57: =SUMPRODUCT(($Q$54:$Q$57=Q57)*($X$54:$X$57=X57)*($V$54:$V$57=V57)*($W$54:$W$57>W57)) -> 0 | AB57: =SUMPRODUCT(($Q$54:$Q$57=Q57)*($X$54:$X$57=X57)*($V$54:$V$57=V57)*($W$54:$W$57=W57)*($AC$54:$AC$57<AC57)) -> 0 | AC57: 4 | AE57: 4 | AF57: =VLOOKUP($AE57,$O$54:$X$57,2,FALSE) -> Iraque | AG57: =VLOOKUP($AE57,$O$54:$X$57,3,FALSE) -> 0 | AH57: =VLOOKUP($AE57,$O$54:$X$57,4,FALSE) -> 3 | AI57: =VLOOKUP($AE57,$O$54:$X$57,5,FALSE) -> 0 | AJ57: =VLOOKUP($AE57,$O$54:$X$57,6,FALSE) -> 0 | AK57: =VLOOKUP($AE57,$O$54:$X$57,7,FALSE) -> 3 | AL57: =VLOOKUP($AE57,$O$54:$X$57,8,FALSE) -> 1 | AM57: =VLOOKUP($AE57,$O$54:$X$57,9,FALSE) -> 12 | AN57: =VLOOKUP($AE57,$O$54:$X$57,10,FALSE) -> -11
B58: J | C58: 46189 | D58: 12.00 | E58: =P60 -> Argentina | F58: 3 | G58: x | H58: 0 | I58: =P61 -> Argélia | J58: =IF(F58=H58,"empate",IF(F58>H58,E58,I58)) -> Argentina | K58: =IF(F58="","",IF(H58="","",IF(J58="empate",E58,""))) | L58: =IF(E58="","",IF(F58="","",IF(M58="empate",I58,""))) | M58: =IF(F58=H58,"empate",IF(F58<H58,E58,I58)) -> Argélia | P58: Grupo J | AE58: Grupo J
B59: J | C59: 46189 | D59: 09.00 | E59: =P62 -> Áustria | F59: 3 | G59: x | H59: 1 | I59: =P63 -> Jordânia | J59: =IF(F59=H59,"empate",IF(F59>H59,E59,I59)) -> Áustria | K59: =IF(F59="","",IF(H59="","",IF(J59="empate",E59,""))) | L59: =IF(E59="","",IF(F59="","",IF(M59="empate",I59,""))) | M59: =IF(F59=H59,"empate",IF(F59<H59,E59,I59)) -> Jordânia | O59: Rk | P59: Sorteio | Q59: Pontos | R59: Jogos | S59: Vit | T59: Emp | U59: Der | V59: GP | W59: GC | X59: SG | Y59: SAL | Z59: PRO | AA59: CON | AB59: NM | AC59: Or. | AE59: P. | AF59: Seleção | AG59: P | AH59: J | AI59: V | AJ59: E | AK59: D | AL59: GP | AM59: GC | AN59: SG
B60: J | C60: 46195 | D60: 15.00 | E60: =P60 -> Argentina | F60: 2 | G60: x | H60: 0 | I60: =P62 -> Áustria | J60: =IF(F60=H60,"empate",IF(F60>H60,E60,I60)) -> Argentina | K60: =IF(F60="","",IF(H60="","",IF(J60="empate",E60,""))) | L60: =IF(E60="","",IF(F60="","",IF(M60="empate",I60,""))) | M60: =IF(F60=H60,"empate",IF(F60<H60,E60,I60)) -> Áustria | O60: =RANK(Q60,$Q$60:$Q$63)+SUM(Y60:AB60) -> 1 | P60: =Sorteios!C30 -> Argentina | Q60: =(S60*3)+(T60*1) -> 9 | R60: =SUM(S60:U60) -> 3 | S60: =COUNTIF(J:J,P60) -> 3 | T60: =COUNTIF(K:K,P60)+COUNTIF(L:L,P60) -> 0 | U60: =COUNTIF(M:M,P60) -> 0 | V60: =SUMIF(E:E,P60,F:F)+SUMIF(I:I,P60,H:H) -> 8 | W60: =SUMIF(E:E,P60,H:H)+SUMIF(I:I,P60,F:F) -> 1 | X60: =V60-W60 -> 7 | Y60: =SUMPRODUCT(($Q$60:$Q$63=Q60)*($X$60:$X$63>X60)) -> 0 | Z60: =SUMPRODUCT(($Q$60:$Q$63=Q60)*($X$60:$X$63=X60)*($V$60:$V$63>V60)) -> 0 | AA60: =SUMPRODUCT(($Q$60:$Q$63=Q60)*($X$60:$X$63=X60)*($V$60:$V$63=V60)*($W$60:$W$63>W60)) -> 0 | AB60: =SUMPRODUCT(($Q$60:$Q$63=Q60)*($X$60:$X$63=X60)*($V$60:$V$63=V60)*($W$60:$W$63=W60)*($AC$60:$AC$63<AC60)) -> 0 | AC60: 1 | AE60: 1 | AF60: =VLOOKUP($AE60,$O$60:$X$63,2,FALSE) -> Argentina | AG60: =VLOOKUP($AE60,$O$60:$X$63,3,FALSE) -> 9 | AH60: =VLOOKUP($AE60,$O$60:$X$63,4,FALSE) -> 3 | AI60: =VLOOKUP($AE60,$O$60:$X$63,5,FALSE) -> 3 | AJ60: =VLOOKUP($AE60,$O$60:$X$63,6,FALSE) -> 0 | AK60: =VLOOKUP($AE60,$O$60:$X$63,7,FALSE) -> 0 | AL60: =VLOOKUP($AE60,$O$60:$X$63,8,FALSE) -> 8 | AM60: =VLOOKUP($AE60,$O$60:$X$63,9,FALSE) -> 1 | AN60: =VLOOKUP($AE60,$O$60:$X$63,10,FALSE) -> 7
B61: J | C61: 46195 | D61: 12.00 | E61: =P63 -> Jordânia | F61: 1 | G61: x | H61: 2 | I61: =P61 -> Argélia | J61: =IF(F61=H61,"empate",IF(F61>H61,E61,I61)) -> Argélia | K61: =IF(F61="","",IF(H61="","",IF(J61="empate",E61,""))) | L61: =IF(E61="","",IF(F61="","",IF(M61="empate",I61,""))) | M61: =IF(F61=H61,"empate",IF(F61<H61,E61,I61)) -> Jordânia | O61: =RANK(Q61,$Q$60:$Q$63)+SUM(Y61:AB61) -> 3 | P61: =Sorteios!C31 -> Argélia | Q61: =(S61*3)+(T61*1) -> 4 | R61: =SUM(S61:U61) -> 3 | S61: =COUNTIF(J:J,P61) -> 1 | T61: =COUNTIF(K:K,P61)+COUNTIF(L:L,P61) -> 1 | U61: =COUNTIF(M:M,P61) -> 1 | V61: =SUMIF(E:E,P61,F:F)+SUMIF(I:I,P61,H:H) -> 5 | W61: =SUMIF(E:E,P61,H:H)+SUMIF(I:I,P61,F:F) -> 7 | X61: =V61-W61 -> -2 | Y61: =SUMPRODUCT(($Q$60:$Q$63=Q61)*($X$60:$X$63>X61)) -> 1 | Z61: =SUMPRODUCT(($Q$60:$Q$63=Q61)*($X$60:$X$63=X61)*($V$60:$V$63>V61)) -> 0 | AA61: =SUMPRODUCT(($Q$60:$Q$63=Q61)*($X$60:$X$63=X61)*($V$60:$V$63=V61)*($W$60:$W$63>W61)) -> 0 | AB61: =SUMPRODUCT(($Q$60:$Q$63=Q61)*($X$60:$X$63=X61)*($V$60:$V$63=V61)*($W$60:$W$63=W61)*($AC$60:$AC$63<AC61)) -> 0 | AC61: 2 | AE61: 2 | AF61: =VLOOKUP($AE61,$O$60:$X$63,2,FALSE) -> Áustria | AG61: =VLOOKUP($AE61,$O$60:$X$63,3,FALSE) -> 4 | AH61: =VLOOKUP($AE61,$O$60:$X$63,4,FALSE) -> 3 | AI61: =VLOOKUP($AE61,$O$60:$X$63,5,FALSE) -> 1 | AJ61: =VLOOKUP($AE61,$O$60:$X$63,6,FALSE) -> 1 | AK61: =VLOOKUP($AE61,$O$60:$X$63,7,FALSE) -> 1 | AL61: =VLOOKUP($AE61,$O$60:$X$63,8,FALSE) -> 6 | AM61: =VLOOKUP($AE61,$O$60:$X$63,9,FALSE) -> 6 | AN61: =VLOOKUP($AE61,$O$60:$X$63,10,FALSE) -> 0
B62: J | C62: 46200 | D62: 11.00 | E62: =P63 -> Jordânia | F62: 1 | G62: x | H62: 3 | I62: =P60 -> Argentina | J62: =IF(F62=H62,"empate",IF(F62>H62,E62,I62)) -> Argentina | K62: =IF(F62="","",IF(H62="","",IF(J62="empate",E62,""))) | L62: =IF(E62="","",IF(F62="","",IF(M62="empate",I62,""))) | M62: =IF(F62=H62,"empate",IF(F62<H62,E62,I62)) -> Jordânia | O62: =RANK(Q62,$Q$60:$Q$63)+SUM(Y62:AB62) -> 2 | P62: =Sorteios!C32 -> Áustria | Q62: =(S62*3)+(T62*1) -> 4 | R62: =SUM(S62:U62) -> 3 | S62: =COUNTIF(J:J,P62) -> 1 | T62: =COUNTIF(K:K,P62)+COUNTIF(L:L,P62) -> 1 | U62: =COUNTIF(M:M,P62) -> 1 | V62: =SUMIF(E:E,P62,F:F)+SUMIF(I:I,P62,H:H) -> 6 | W62: =SUMIF(E:E,P62,H:H)+SUMIF(I:I,P62,F:F) -> 6 | X62: =V62-W62 -> 0 | Y62: =SUMPRODUCT(($Q$60:$Q$63=Q62)*($X$60:$X$63>X62)) -> 0 | Z62: =SUMPRODUCT(($Q$60:$Q$63=Q62)*($X$60:$X$63=X62)*($V$60:$V$63>V62)) -> 0 | AA62: =SUMPRODUCT(($Q$60:$Q$63=Q62)*($X$60:$X$63=X62)*($V$60:$V$63=V62)*($W$60:$W$63>W62)) -> 0 | AB62: =SUMPRODUCT(($Q$60:$Q$63=Q62)*($X$60:$X$63=X62)*($V$60:$V$63=V62)*($W$60:$W$63=W62)*($AC$60:$AC$63<AC62)) -> 0 | AC62: 3 | AE62: 3 | AF62: =VLOOKUP($AE62,$O$60:$X$63,2,FALSE) -> Argélia | AG62: =VLOOKUP($AE62,$O$60:$X$63,3,FALSE) -> 4 | AH62: =VLOOKUP($AE62,$O$60:$X$63,4,FALSE) -> 3 | AI62: =VLOOKUP($AE62,$O$60:$X$63,5,FALSE) -> 1 | AJ62: =VLOOKUP($AE62,$O$60:$X$63,6,FALSE) -> 1 | AK62: =VLOOKUP($AE62,$O$60:$X$63,7,FALSE) -> 1 | AL62: =VLOOKUP($AE62,$O$60:$X$63,8,FALSE) -> 5 | AM62: =VLOOKUP($AE62,$O$60:$X$63,9,FALSE) -> 7 | AN62: =VLOOKUP($AE62,$O$60:$X$63,10,FALSE) -> -2
B63: J | C63: 46200 | D63: 11.00 | E63: =P61 -> Argélia | F63: 3 | G63: x | H63: 3 | I63: =P62 -> Áustria | J63: =IF(F63=H63,"empate",IF(F63>H63,E63,I63)) -> empate | K63: =IF(F63="","",IF(H63="","",IF(J63="empate",E63,""))) -> Argélia | L63: =IF(E63="","",IF(F63="","",IF(M63="empate",I63,""))) -> Áustria | M63: =IF(F63=H63,"empate",IF(F63<H63,E63,I63)) -> empate | O63: =RANK(Q63,$Q$60:$Q$63)+SUM(Y63:AB63) -> 4 | P63: =Sorteios!C33 -> Jordânia | Q63: =(S63*3)+(T63*1) -> 0 | R63: =SUM(S63:U63) -> 3 | S63: =COUNTIF(J:J,P63) -> 0 | T63: =COUNTIF(K:K,P63)+COUNTIF(L:L,P63) -> 0 | U63: =COUNTIF(M:M,P63) -> 3 | V63: =SUMIF(E:E,P63,F:F)+SUMIF(I:I,P63,H:H) -> 3 | W63: =SUMIF(E:E,P63,H:H)+SUMIF(I:I,P63,F:F) -> 8 | X63: =V63-W63 -> -5 | Y63: =SUMPRODUCT(($Q$60:$Q$63=Q63)*($X$60:$X$63>X63)) -> 0 | Z63: =SUMPRODUCT(($Q$60:$Q$63=Q63)*($X$60:$X$63=X63)*($V$60:$V$63>V63)) -> 0 | AA63: =SUMPRODUCT(($Q$60:$Q$63=Q63)*($X$60:$X$63=X63)*($V$60:$V$63=V63)*($W$60:$W$63>W63)) -> 0 | AB63: =SUMPRODUCT(($Q$60:$Q$63=Q63)*($X$60:$X$63=X63)*($V$60:$V$63=V63)*($W$60:$W$63=W63)*($AC$60:$AC$63<AC63)) -> 0 | AC63: 4 | AE63: 4 | AF63: =VLOOKUP($AE63,$O$60:$X$63,2,FALSE) -> Jordânia | AG63: =VLOOKUP($AE63,$O$60:$X$63,3,FALSE) -> 0 | AH63: =VLOOKUP($AE63,$O$60:$X$63,4,FALSE) -> 3 | AI63: =VLOOKUP($AE63,$O$60:$X$63,5,FALSE) -> 0 | AJ63: =VLOOKUP($AE63,$O$60:$X$63,6,FALSE) -> 0 | AK63: =VLOOKUP($AE63,$O$60:$X$63,7,FALSE) -> 3 | AL63: =VLOOKUP($AE63,$O$60:$X$63,8,FALSE) -> 3 | AM63: =VLOOKUP($AE63,$O$60:$X$63,9,FALSE) -> 8 | AN63: =VLOOKUP($AE63,$O$60:$X$63,10,FALSE) -> -5
B64: K | C64: 46190 | D64: 12.00 | E64: =P66 -> Portugal | F64: 1 | G64: x | H64: 1 | I64: =P67 -> RD Congo | J64: =IF(F64=H64,"empate",IF(F64>H64,E64,I64)) -> empate | K64: =IF(F64="","",IF(H64="","",IF(J64="empate",E64,""))) -> Portugal | L64: =IF(E64="","",IF(F64="","",IF(M64="empate",I64,""))) -> RD Congo | M64: =IF(F64=H64,"empate",IF(F64<H64,E64,I64)) -> empate | P64: Grupo K | AE64: Grupo K
B65: K | C65: 46190 | D65: 15.00 | E65: =P68 -> Uzbequistão | F65: 1 | G65: x | H65: 3 | I65: =P69 -> Colômbia | J65: =IF(F65=H65,"empate",IF(F65>H65,E65,I65)) -> Colômbia | K65: =IF(F65="","",IF(H65="","",IF(J65="empate",E65,""))) | L65: =IF(E65="","",IF(F65="","",IF(M65="empate",I65,""))) | M65: =IF(F65=H65,"empate",IF(F65<H65,E65,I65)) -> Uzbequistão | O65: Rk | P65: Sorteio | Q65: Pontos | R65: Jogos | S65: Vit | T65: Emp | U65: Der | V65: GP | W65: GC | X65: SG | Y65: SAL | Z65: PRO | AA65: CON | AB65: NM | AC65: Or. | AE65: P. | AF65: Seleção | AG65: P | AH65: J | AI65: V | AJ65: E | AK65: D | AL65: GP | AM65: GC | AN65: SG
B66: K | C66: 46196 | D66: 09.00 | E66: =P66 -> Portugal | F66: 5 | G66: x | H66: 0 | I66: =P68 -> Uzbequistão | J66: =IF(F66=H66,"empate",IF(F66>H66,E66,I66)) -> Portugal | K66: =IF(F66="","",IF(H66="","",IF(J66="empate",E66,""))) | L66: =IF(E66="","",IF(F66="","",IF(M66="empate",I66,""))) | M66: =IF(F66=H66,"empate",IF(F66<H66,E66,I66)) -> Uzbequistão | O66: =RANK(Q66,$Q$66:$Q$69)+SUM(Y66:AB66) -> 2 | P66: =Sorteios!F30 -> Portugal | Q66: =(S66*3)+(T66*1) -> 5 | R66: =SUM(S66:U66) -> 3 | S66: =COUNTIF(J:J,P66) -> 1 | T66: =COUNTIF(K:K,P66)+COUNTIF(L:L,P66) -> 2 | U66: =COUNTIF(M:M,P66) -> 0 | V66: =SUMIF(E:E,P66,F:F)+SUMIF(I:I,P66,H:H) -> 6 | W66: =SUMIF(E:E,P66,H:H)+SUMIF(I:I,P66,F:F) -> 1 | X66: =V66-W66 -> 5 | Y66: =SUMPRODUCT(($Q$66:$Q$69=Q66)*($X$66:$X$69>X66)) -> 0 | Z66: =SUMPRODUCT(($Q$66:$Q$69=Q66)*($X$66:$X$69=X66)*($V$66:$V$69>V66)) -> 0 | AA66: =SUMPRODUCT(($Q$66:$Q$69=Q66)*($X$66:$X$69=X66)*($V$66:$V$69=V66)*($W$66:$W$69>W66)) -> 0 | AB66: =SUMPRODUCT(($Q$66:$Q$69=Q66)*($X$66:$X$69=X66)*($V$66:$V$69=V66)*($W$66:$W$69=W66)*($AC$66:$AC$69<AC66)) -> 0 | AC66: 1 | AE66: 1 | AF66: =VLOOKUP($AE66,$O$66:$X$69,2,FALSE) -> Colômbia | AG66: =VLOOKUP($AE66,$O$66:$X$69,3,FALSE) -> 7 | AH66: =VLOOKUP($AE66,$O$66:$X$69,4,FALSE) -> 3 | AI66: =VLOOKUP($AE66,$O$66:$X$69,5,FALSE) -> 2 | AJ66: =VLOOKUP($AE66,$O$66:$X$69,6,FALSE) -> 1 | AK66: =VLOOKUP($AE66,$O$66:$X$69,7,FALSE) -> 0 | AL66: =VLOOKUP($AE66,$O$66:$X$69,8,FALSE) -> 4 | AM66: =VLOOKUP($AE66,$O$66:$X$69,9,FALSE) -> 1 | AN66: =VLOOKUP($AE66,$O$66:$X$69,10,FALSE) -> 3
B67: K | C67: 46196 | D67: 09.00 | E67: =P69 -> Colômbia | F67: 1 | G67: x | H67: 0 | I67: =P67 -> RD Congo | J67: =IF(F67=H67,"empate",IF(F67>H67,E67,I67)) -> Colômbia | K67: =IF(F67="","",IF(H67="","",IF(J67="empate",E67,""))) | L67: =IF(E67="","",IF(F67="","",IF(M67="empate",I67,""))) | M67: =IF(F67=H67,"empate",IF(F67<H67,E67,I67)) -> RD Congo | O67: =RANK(Q67,$Q$66:$Q$69)+SUM(Y67:AB67) -> 3 | P67: =Sorteios!F31 -> RD Congo | Q67: =(S67*3)+(T67*1) -> 4 | R67: =SUM(S67:U67) -> 3 | S67: =COUNTIF(J:J,P67) -> 1 | T67: =COUNTIF(K:K,P67)+COUNTIF(L:L,P67) -> 1 | U67: =COUNTIF(M:M,P67) -> 1 | V67: =SUMIF(E:E,P67,F:F)+SUMIF(I:I,P67,H:H) -> 4 | W67: =SUMIF(E:E,P67,H:H)+SUMIF(I:I,P67,F:F) -> 3 | X67: =V67-W67 -> 1 | Y67: =SUMPRODUCT(($Q$66:$Q$69=Q67)*($X$66:$X$69>X67)) -> 0 | Z67: =SUMPRODUCT(($Q$66:$Q$69=Q67)*($X$66:$X$69=X67)*($V$66:$V$69>V67)) -> 0 | AA67: =SUMPRODUCT(($Q$66:$Q$69=Q67)*($X$66:$X$69=X67)*($V$66:$V$69=V67)*($W$66:$W$69>W67)) -> 0 | AB67: =SUMPRODUCT(($Q$66:$Q$69=Q67)*($X$66:$X$69=X67)*($V$66:$V$69=V67)*($W$66:$W$69=W67)*($AC$66:$AC$69<AC67)) -> 0 | AC67: 2 | AE67: 2 | AF67: =VLOOKUP($AE67,$O$66:$X$69,2,FALSE) -> Portugal | AG67: =VLOOKUP($AE67,$O$66:$X$69,3,FALSE) -> 5 | AH67: =VLOOKUP($AE67,$O$66:$X$69,4,FALSE) -> 3 | AI67: =VLOOKUP($AE67,$O$66:$X$69,5,FALSE) -> 1 | AJ67: =VLOOKUP($AE67,$O$66:$X$69,6,FALSE) -> 2 | AK67: =VLOOKUP($AE67,$O$66:$X$69,7,FALSE) -> 0 | AL67: =VLOOKUP($AE67,$O$66:$X$69,8,FALSE) -> 6 | AM67: =VLOOKUP($AE67,$O$66:$X$69,9,FALSE) -> 1 | AN67: =VLOOKUP($AE67,$O$66:$X$69,10,FALSE) -> 5
B68: K | C68: 46200 | D68: 15.00 | E68: =P69 -> Colômbia | F68: 0 | G68: x | H68: 0 | I68: =P66 -> Portugal | J68: =IF(F68=H68,"empate",IF(F68>H68,E68,I68)) -> empate | K68: =IF(F68="","",IF(H68="","",IF(J68="empate",E68,""))) -> Colômbia | L68: =IF(E68="","",IF(F68="","",IF(M68="empate",I68,""))) -> Portugal | M68: =IF(F68=H68,"empate",IF(F68<H68,E68,I68)) -> empate | O68: =RANK(Q68,$Q$66:$Q$69)+SUM(Y68:AB68) -> 4 | P68: =Sorteios!F32 -> Uzbequistão | Q68: =(S68*3)+(T68*1) -> 0 | R68: =SUM(S68:U68) -> 3 | S68: =COUNTIF(J:J,P68) -> 0 | T68: =COUNTIF(K:K,P68)+COUNTIF(L:L,P68) -> 0 | U68: =COUNTIF(M:M,P68) -> 3 | V68: =SUMIF(E:E,P68,F:F)+SUMIF(I:I,P68,H:H) -> 2 | W68: =SUMIF(E:E,P68,H:H)+SUMIF(I:I,P68,F:F) -> 11 | X68: =V68-W68 -> -9 | Y68: =SUMPRODUCT(($Q$66:$Q$69=Q68)*($X$66:$X$69>X68)) -> 0 | Z68: =SUMPRODUCT(($Q$66:$Q$69=Q68)*($X$66:$X$69=X68)*($V$66:$V$69>V68)) -> 0 | AA68: =SUMPRODUCT(($Q$66:$Q$69=Q68)*($X$66:$X$69=X68)*($V$66:$V$69=V68)*($W$66:$W$69>W68)) -> 0 | AB68: =SUMPRODUCT(($Q$66:$Q$69=Q68)*($X$66:$X$69=X68)*($V$66:$V$69=V68)*($W$66:$W$69=W68)*($AC$66:$AC$69<AC68)) -> 0 | AC68: 3 | AE68: 3 | AF68: =VLOOKUP($AE68,$O$66:$X$69,2,FALSE) -> RD Congo | AG68: =VLOOKUP($AE68,$O$66:$X$69,3,FALSE) -> 4 | AH68: =VLOOKUP($AE68,$O$66:$X$69,4,FALSE) -> 3 | AI68: =VLOOKUP($AE68,$O$66:$X$69,5,FALSE) -> 1 | AJ68: =VLOOKUP($AE68,$O$66:$X$69,6,FALSE) -> 1 | AK68: =VLOOKUP($AE68,$O$66:$X$69,7,FALSE) -> 1 | AL68: =VLOOKUP($AE68,$O$66:$X$69,8,FALSE) -> 4 | AM68: =VLOOKUP($AE68,$O$66:$X$69,9,FALSE) -> 3 | AN68: =VLOOKUP($AE68,$O$66:$X$69,10,FALSE) -> 1
B69: K | C69: 46200 | D69: 15.00 | E69: =P67 -> RD Congo | F69: 3 | G69: x | H69: 1 | I69: =P68 -> Uzbequistão | J69: =IF(F69=H69,"empate",IF(F69>H69,E69,I69)) -> RD Congo | K69: =IF(F69="","",IF(H69="","",IF(J69="empate",E69,""))) | L69: =IF(E69="","",IF(F69="","",IF(M69="empate",I69,""))) | M69: =IF(F69=H69,"empate",IF(F69<H69,E69,I69)) -> Uzbequistão | O69: =RANK(Q69,$Q$66:$Q$69)+SUM(Y69:AB69) -> 1 | P69: =Sorteios!F33 -> Colômbia | Q69: =(S69*3)+(T69*1) -> 7 | R69: =SUM(S69:U69) -> 3 | S69: =COUNTIF(J:J,P69) -> 2 | T69: =COUNTIF(K:K,P69)+COUNTIF(L:L,P69) -> 1 | U69: =COUNTIF(M:M,P69) -> 0 | V69: =SUMIF(E:E,P69,F:F)+SUMIF(I:I,P69,H:H) -> 4 | W69: =SUMIF(E:E,P69,H:H)+SUMIF(I:I,P69,F:F) -> 1 | X69: =V69-W69 -> 3 | Y69: =SUMPRODUCT(($Q$66:$Q$69=Q69)*($X$66:$X$69>X69)) -> 0 | Z69: =SUMPRODUCT(($Q$66:$Q$69=Q69)*($X$66:$X$69=X69)*($V$66:$V$69>V69)) -> 0 | AA69: =SUMPRODUCT(($Q$66:$Q$69=Q69)*($X$66:$X$69=X69)*($V$66:$V$69=V69)*($W$66:$W$69>W69)) -> 0 | AB69: =SUMPRODUCT(($Q$66:$Q$69=Q69)*($X$66:$X$69=X69)*($V$66:$V$69=V69)*($W$66:$W$69=W69)*($AC$66:$AC$69<AC69)) -> 0 | AC69: 4 | AE69: 4 | AF69: =VLOOKUP($AE69,$O$66:$X$69,2,FALSE) -> Uzbequistão | AG69: =VLOOKUP($AE69,$O$66:$X$69,3,FALSE) -> 0 | AH69: =VLOOKUP($AE69,$O$66:$X$69,4,FALSE) -> 3 | AI69: =VLOOKUP($AE69,$O$66:$X$69,5,FALSE) -> 0 | AJ69: =VLOOKUP($AE69,$O$66:$X$69,6,FALSE) -> 0 | AK69: =VLOOKUP($AE69,$O$66:$X$69,7,FALSE) -> 3 | AL69: =VLOOKUP($AE69,$O$66:$X$69,8,FALSE) -> 2 | AM69: =VLOOKUP($AE69,$O$66:$X$69,9,FALSE) -> 11 | AN69: =VLOOKUP($AE69,$O$66:$X$69,10,FALSE) -> -9
B70: L | C70: 46190 | D70: 12.00 | E70: =P72 -> Inglaterra | F70: 4 | G70: x | H70: 2 | I70: =P73 -> Croácia | J70: =IF(F70=H70,"empate",IF(F70>H70,E70,I70)) -> Inglaterra | K70: =IF(F70="","",IF(H70="","",IF(J70="empate",E70,""))) | L70: =IF(E70="","",IF(F70="","",IF(M70="empate",I70,""))) | M70: =IF(F70=H70,"empate",IF(F70<H70,E70,I70)) -> Croácia | P70: Grupo L | AE70: Grupo L
B71: L | C71: 46190 | D71: 09.00 | E71: =P74 -> Gana | F71: 1 | G71: x | H71: 0 | I71: =P75 -> Panamá | J71: =IF(F71=H71,"empate",IF(F71>H71,E71,I71)) -> Gana | K71: =IF(F71="","",IF(H71="","",IF(J71="empate",E71,""))) | L71: =IF(E71="","",IF(F71="","",IF(M71="empate",I71,""))) | M71: =IF(F71=H71,"empate",IF(F71<H71,E71,I71)) -> Panamá | O71: Rk | P71: Sorteio | Q71: Pontos | R71: Jogos | S71: Vit | T71: Emp | U71: Der | V71: GP | W71: GC | X71: SG | Y71: SAL | Z71: PRO | AA71: CON | AB71: NM | AC71: Or. | AE71: P. | AF71: Seleção | AG71: P | AH71: J | AI71: V | AJ71: E | AK71: D | AL71: GP | AM71: GC | AN71: SG
B72: L | C72: 46196 | D72: 15.00 | E72: =P72 -> Inglaterra | F72: 0 | G72: x | H72: 0 | I72: =P74 -> Gana | J72: =IF(F72=H72,"empate",IF(F72>H72,E72,I72)) -> empate | K72: =IF(F72="","",IF(H72="","",IF(J72="empate",E72,""))) -> Inglaterra | L72: =IF(E72="","",IF(F72="","",IF(M72="empate",I72,""))) -> Gana | M72: =IF(F72=H72,"empate",IF(F72<H72,E72,I72)) -> empate | O72: =RANK(Q72,$Q$72:$Q$75)+SUM(Y72:AB72) -> 1 | P72: =Sorteios!I30 -> Inglaterra | Q72: =(S72*3)+(T72*1) -> 7 | R72: =SUM(S72:U72) -> 3 | S72: =COUNTIF(J:J,P72) -> 2 | T72: =COUNTIF(K:K,P72)+COUNTIF(L:L,P72) -> 1 | U72: =COUNTIF(M:M,P72) -> 0 | V72: =SUMIF(E:E,P72,F:F)+SUMIF(I:I,P72,H:H) -> 6 | W72: =SUMIF(E:E,P72,H:H)+SUMIF(I:I,P72,F:F) -> 2 | X72: =V72-W72 -> 4 | Y72: =SUMPRODUCT(($Q$72:$Q$75=Q72)*($X$72:$X$75>X72)) -> 0 | Z72: =SUMPRODUCT(($Q$72:$Q$75=Q72)*($X$72:$X$75=X72)*($V$72:$V$75>V72)) -> 0 | AA72: =SUMPRODUCT(($Q$72:$Q$75=Q72)*($X$72:$X$75=X72)*($V$72:$V$75=V72)*($W$72:$W$75>W72)) -> 0 | AB72: =SUMPRODUCT(($Q$72:$Q$75=Q72)*($X$72:$X$75=X72)*($V$72:$V$75=V72)*($W$72:$W$75=W72)*($AC$72:$AC$75<AC72)) -> 0 | AC72: 1 | AE72: 1 | AF72: =VLOOKUP($AE72,$O$72:$X$75,2,FALSE) -> Inglaterra | AG72: =VLOOKUP($AE72,$O$72:$X$75,3,FALSE) -> 7 | AH72: =VLOOKUP($AE72,$O$72:$X$75,4,FALSE) -> 3 | AI72: =VLOOKUP($AE72,$O$72:$X$75,5,FALSE) -> 2 | AJ72: =VLOOKUP($AE72,$O$72:$X$75,6,FALSE) -> 1 | AK72: =VLOOKUP($AE72,$O$72:$X$75,7,FALSE) -> 0 | AL72: =VLOOKUP($AE72,$O$72:$X$75,8,FALSE) -> 6 | AM72: =VLOOKUP($AE72,$O$72:$X$75,9,FALSE) -> 2 | AN72: =VLOOKUP($AE72,$O$72:$X$75,10,FALSE) -> 4
B73: L | C73: 46196 | D73: 12.00 | E73: =P75 -> Panamá | F73: 0 | G73: x | H73: 1 | I73: =P73 -> Croácia | J73: =IF(F73=H73,"empate",IF(F73>H73,E73,I73)) -> Croácia | K73: =IF(F73="","",IF(H73="","",IF(J73="empate",E73,""))) | L73: =IF(E73="","",IF(F73="","",IF(M73="empate",I73,""))) | M73: =IF(F73=H73,"empate",IF(F73<H73,E73,I73)) -> Panamá | O73: =RANK(Q73,$Q$72:$Q$75)+SUM(Y73:AB73) -> 2 | P73: =Sorteios!I31 -> Croácia | Q73: =(S73*3)+(T73*1) -> 6 | R73: =SUM(S73:U73) -> 3 | S73: =COUNTIF(J:J,P73) -> 2 | T73: =COUNTIF(K:K,P73)+COUNTIF(L:L,P73) -> 0 | U73: =COUNTIF(M:M,P73) -> 1 | V73: =SUMIF(E:E,P73,F:F)+SUMIF(I:I,P73,H:H) -> 5 | W73: =SUMIF(E:E,P73,H:H)+SUMIF(I:I,P73,F:F) -> 5 | X73: =V73-W73 -> 0 | Y73: =SUMPRODUCT(($Q$72:$Q$75=Q73)*($X$72:$X$75>X73)) -> 0 | Z73: =SUMPRODUCT(($Q$72:$Q$75=Q73)*($X$72:$X$75=X73)*($V$72:$V$75>V73)) -> 0 | AA73: =SUMPRODUCT(($Q$72:$Q$75=Q73)*($X$72:$X$75=X73)*($V$72:$V$75=V73)*($W$72:$W$75>W73)) -> 0 | AB73: =SUMPRODUCT(($Q$72:$Q$75=Q73)*($X$72:$X$75=X73)*($V$72:$V$75=V73)*($W$72:$W$75=W73)*($AC$72:$AC$75<AC73)) -> 0 | AC73: 2 | AE73: 2 | AF73: =VLOOKUP($AE73,$O$72:$X$75,2,FALSE) -> Croácia | AG73: =VLOOKUP($AE73,$O$72:$X$75,3,FALSE) -> 6 | AH73: =VLOOKUP($AE73,$O$72:$X$75,4,FALSE) -> 3 | AI73: =VLOOKUP($AE73,$O$72:$X$75,5,FALSE) -> 2 | AJ73: =VLOOKUP($AE73,$O$72:$X$75,6,FALSE) -> 0 | AK73: =VLOOKUP($AE73,$O$72:$X$75,7,FALSE) -> 1 | AL73: =VLOOKUP($AE73,$O$72:$X$75,8,FALSE) -> 5 | AM73: =VLOOKUP($AE73,$O$72:$X$75,9,FALSE) -> 5 | AN73: =VLOOKUP($AE73,$O$72:$X$75,10,FALSE) -> 0
B74: L | C74: 46200 | D74: 11.00 | E74: =P75 -> Panamá | F74: 0 | G74: x | H74: 2 | I74: =P72 -> Inglaterra | J74: =IF(F74=H74,"empate",IF(F74>H74,E74,I74)) -> Inglaterra | K74: =IF(F74="","",IF(H74="","",IF(J74="empate",E74,""))) | L74: =IF(E74="","",IF(F74="","",IF(M74="empate",I74,""))) | M74: =IF(F74=H74,"empate",IF(F74<H74,E74,I74)) -> Panamá | O74: =RANK(Q74,$Q$72:$Q$75)+SUM(Y74:AB74) -> 3 | P74: =Sorteios!I32 -> Gana | Q74: =(S74*3)+(T74*1) -> 4 | R74: =SUM(S74:U74) -> 3 | S74: =COUNTIF(J:J,P74) -> 1 | T74: =COUNTIF(K:K,P74)+COUNTIF(L:L,P74) -> 1 | U74: =COUNTIF(M:M,P74) -> 1 | V74: =SUMIF(E:E,P74,F:F)+SUMIF(I:I,P74,H:H) -> 2 | W74: =SUMIF(E:E,P74,H:H)+SUMIF(I:I,P74,F:F) -> 2 | X74: =V74-W74 -> 0 | Y74: =SUMPRODUCT(($Q$72:$Q$75=Q74)*($X$72:$X$75>X74)) -> 0 | Z74: =SUMPRODUCT(($Q$72:$Q$75=Q74)*($X$72:$X$75=X74)*($V$72:$V$75>V74)) -> 0 | AA74: =SUMPRODUCT(($Q$72:$Q$75=Q74)*($X$72:$X$75=X74)*($V$72:$V$75=V74)*($W$72:$W$75>W74)) -> 0 | AB74: =SUMPRODUCT(($Q$72:$Q$75=Q74)*($X$72:$X$75=X74)*($V$72:$V$75=V74)*($W$72:$W$75=W74)*($AC$72:$AC$75<AC74)) -> 0 | AC74: 3 | AE74: 3 | AF74: =VLOOKUP($AE74,$O$72:$X$75,2,FALSE) -> Gana | AG74: =VLOOKUP($AE74,$O$72:$X$75,3,FALSE) -> 4 | AH74: =VLOOKUP($AE74,$O$72:$X$75,4,FALSE) -> 3 | AI74: =VLOOKUP($AE74,$O$72:$X$75,5,FALSE) -> 1 | AJ74: =VLOOKUP($AE74,$O$72:$X$75,6,FALSE) -> 1 | AK74: =VLOOKUP($AE74,$O$72:$X$75,7,FALSE) -> 1 | AL74: =VLOOKUP($AE74,$O$72:$X$75,8,FALSE) -> 2 | AM74: =VLOOKUP($AE74,$O$72:$X$75,9,FALSE) -> 2 | AN74: =VLOOKUP($AE74,$O$72:$X$75,10,FALSE) -> 0
B75: L | C75: 46200 | D75: 11.00 | E75: =P73 -> Croácia | F75: 2 | G75: x | H75: 1 | I75: =P74 -> Gana | J75: =IF(F75=H75,"empate",IF(F75>H75,E75,I75)) -> Croácia | K75: =IF(F75="","",IF(H75="","",IF(J75="empate",E75,""))) | L75: =IF(E75="","",IF(F75="","",IF(M75="empate",I75,""))) | M75: =IF(F75=H75,"empate",IF(F75<H75,E75,I75)) -> Gana | O75: =RANK(Q75,$Q$72:$Q$75)+SUM(Y75:AB75) -> 4 | P75: =Sorteios!I33 -> Panamá | Q75: =(S75*3)+(T75*1) -> 0 | R75: =SUM(S75:U75) -> 3 | S75: =COUNTIF(J:J,P75) -> 0 | T75: =COUNTIF(K:K,P75)+COUNTIF(L:L,P75) -> 0 | U75: =COUNTIF(M:M,P75) -> 3 | V75: =SUMIF(E:E,P75,F:F)+SUMIF(I:I,P75,H:H) -> 0 | W75: =SUMIF(E:E,P75,H:H)+SUMIF(I:I,P75,F:F) -> 4 | X75: =V75-W75 -> -4 | Y75: =SUMPRODUCT(($Q$72:$Q$75=Q75)*($X$72:$X$75>X75)) -> 0 | Z75: =SUMPRODUCT(($Q$72:$Q$75=Q75)*($X$72:$X$75=X75)*($V$72:$V$75>V75)) -> 0 | AA75: =SUMPRODUCT(($Q$72:$Q$75=Q75)*($X$72:$X$75=X75)*($V$72:$V$75=V75)*($W$72:$W$75>W75)) -> 0 | AB75: =SUMPRODUCT(($Q$72:$Q$75=Q75)*($X$72:$X$75=X75)*($V$72:$V$75=V75)*($W$72:$W$75=W75)*($AC$72:$AC$75<AC75)) -> 0 | AC75: 4 | AE75: 4 | AF75: =VLOOKUP($AE75,$O$72:$X$75,2,FALSE) -> Panamá | AG75: =VLOOKUP($AE75,$O$72:$X$75,3,FALSE) -> 0 | AH75: =VLOOKUP($AE75,$O$72:$X$75,4,FALSE) -> 3 | AI75: =VLOOKUP($AE75,$O$72:$X$75,5,FALSE) -> 0 | AJ75: =VLOOKUP($AE75,$O$72:$X$75,6,FALSE) -> 0 | AK75: =VLOOKUP($AE75,$O$72:$X$75,7,FALSE) -> 3 | AL75: =VLOOKUP($AE75,$O$72:$X$75,8,FALSE) -> 0 | AM75: =VLOOKUP($AE75,$O$72:$X$75,9,FALSE) -> 4 | AN75: =VLOOKUP($AE75,$O$72:$X$75,10,FALSE) -> -4

Sheet Dummy
B2: No. | C2: Third-placed teams | P2: 1A | Q2: 1B | R2: 1D | S2: 1E | T2: 1G | U2: 1I | V2: 1K | W2: 1L
C3: qualify from groups | P3: vs | Q3: vs | R3: vs | S3: vs | T3: vs | U3: vs | V3: vs | W3: vs
B4: 1 | G4: E | H4: F | I4: G | J4: H | K4: I | L4: J | M4: K | N4: L | O4: =_xlfn.CONCAT(C4:N4) -> EFGHIJKL | P4: 3E | Q4: 3J | R4: 3I | S4: 3F | T4: 3H | U4: 3G | V4: 3L | W4: 3K | X4: =_xlfn.CONCAT(P4:W4) -> 3E3J3I3F3H3G3L3K
B5: 2 | F5: D | H5: F | I5: G | J5: H | K5: I | L5: J | M5: K | N5: L | O5: =_xlfn.CONCAT(C5:N5) -> DFGHIJKL | P5: 3H | Q5: 3G | R5: 3I | S5: 3D | T5: 3J | U5: 3F | V5: 3L | W5: 3K | X5: =_xlfn.CONCAT(P5:W5) -> 3H3G3I3D3J3F3L3K
B6: 3 | F6: D | G6: E | I6: G | J6: H | K6: I | L6: J | M6: K | N6: L | O6: =_xlfn.CONCAT(C6:N6) -> DEGHIJKL | P6: 3E | Q6: 3J | R6: 3I | S6: 3D | T6: 3H | U6: 3G | V6: 3L | W6: 3K | X6: =_xlfn.CONCAT(P6:W6) -> 3E3J3I3D3H3G3L3K
B7: 4 | F7: D | G7: E | H7: F | J7: H | K7: I | L7: J | M7: K | N7: L | O7: =_xlfn.CONCAT(C7:N7) -> DEFHIJKL | P7: 3E | Q7: 3J | R7: 3I | S7: 3D | T7: 3H | U7: 3F | V7: 3L | W7: 3K | X7: =_xlfn.CONCAT(P7:W7) -> 3E3J3I3D3H3F3L3K
B8: 5 | F8: D | G8: E | H8: F | I8: G | K8: I | L8: J | M8: K | N8: L | O8: =_xlfn.CONCAT(C8:N8) -> DEFGIJKL | P8: 3E | Q8: 3G | R8: 3I | S8: 3D | T8: 3J | U8: 3F | V8: 3L | W8: 3K | X8: =_xlfn.CONCAT(P8:W8) -> 3E3G3I3D3J3F3L3K
B9: 6 | F9: D | G9: E | H9: F | I9: G | J9: H | L9: J | M9: K | N9: L | O9: =_xlfn.CONCAT(C9:N9) -> DEFGHJKL | P9: 3E | Q9: 3G | R9: 3J | S9: 3D | T9: 3H | U9: 3F | V9: 3L | W9: 3K | X9: =_xlfn.CONCAT(P9:W9) -> 3E3G3J3D3H3F3L3K
B10: 7 | F10: D | G10: E | H10: F | I10: G | J10: H | K10: I | M10: K | N10: L | O10: =_xlfn.CONCAT(C10:N10) -> DEFGHIKL | P10: 3E | Q10: 3G | R10: 3I | S10: 3D | T10: 3H | U10: 3F | V10: 3L | W10: 3K | X10: =_xlfn.CONCAT(P10:W10) -> 3E3G3I3D3H3F3L3K
B11: 8 | F11: D | G11: E | H11: F | I11: G | J11: H | K11: I | L11: J | N11: L | O11: =_xlfn.CONCAT(C11:N11) -> DEFGHIJL | P11: 3E | Q11: 3G | R11: 3J | S11: 3D | T11: 3H | U11: 3F | V11: 3L | W11: 3I | X11: =_xlfn.CONCAT(P11:W11) -> 3E3G3J3D3H3F3L3I
B12: 9 | F12: D | G12: E | H12: F | I12: G | J12: H | K12: I | L12: J | M12: K | O12: =_xlfn.CONCAT(C12:N12) -> DEFGHIJK | P12: 3E | Q12: 3G | R12: 3J | S12: 3D | T12: 3H | U12: 3F | V12: 3I | W12: 3K | X12: =_xlfn.CONCAT(P12:W12) -> 3E3G3J3D3H3F3I3K
B13: 10 | E13: C | H13: F | I13: G | J13: H | K13: I | L13: J | M13: K | N13: L | O13: =_xlfn.CONCAT(C13:N13) -> CFGHIJKL | P13: 3H | Q13: 3G | R13: 3I | S13: 3C | T13: 3J | U13: 3F | V13: 3L | W13: 3K | X13: =_xlfn.CONCAT(P13:W13) -> 3H3G3I3C3J3F3L3K
B14: 11 | E14: C | G14: E | I14: G | J14: H | K14: I | L14: J | M14: K | N14: L | O14: =_xlfn.CONCAT(C14:N14) -> CEGHIJKL | P14: 3E | Q14: 3J | R14: 3I | S14: 3C | T14: 3H | U14: 3G | V14: 3L | W14: 3K | X14: =_xlfn.CONCAT(P14:W14) -> 3E3J3I3C3H3G3L3K
B15: 12 | E15: C | G15: E | H15: F | J15: H | K15: I | L15: J | M15: K | N15: L | O15: =_xlfn.CONCAT(C15:N15) -> CEFHIJKL | P15: 3E | Q15: 3J | R15: 3I | S15: 3C | T15: 3H | U15: 3F | V15: 3L | W15: 3K | X15: =_xlfn.CONCAT(P15:W15) -> 3E3J3I3C3H3F3L3K
B16: 13 | E16: C | G16: E | H16: F | I16: G | K16: I | L16: J | M16: K | N16: L | O16: =_xlfn.CONCAT(C16:N16) -> CEFGIJKL | P16: 3E | Q16: 3G | R16: 3I | S16: 3C | T16: 3J | U16: 3F | V16: 3L | W16: 3K | X16: =_xlfn.CONCAT(P16:W16) -> 3E3G3I3C3J3F3L3K
B17: 14 | E17: C | G17: E | H17: F | I17: G | J17: H | L17: J | M17: K | N17: L | O17: =_xlfn.CONCAT(C17:N17) -> CEFGHJKL | P17: 3E | Q17: 3G | R17: 3J | S17: 3C | T17: 3H | U17: 3F | V17: 3L | W17: 3K | X17: =_xlfn.CONCAT(P17:W17) -> 3E3G3J3C3H3F3L3K
B18: 15 | E18: C | G18: E | H18: F | I18: G | J18: H | K18: I | M18: K | N18: L | O18: =_xlfn.CONCAT(C18:N18) -> CEFGHIKL | P18: 3E | Q18: 3G | R18: 3I | S18: 3C | T18: 3H | U18: 3F | V18: 3L | W18: 3K | X18: =_xlfn.CONCAT(P18:W18) -> 3E3G3I3C3H3F3L3K
B19: 16 | E19: C | G19: E | H19: F | I19: G | J19: H | K19: I | L19: J | N19: L | O19: =_xlfn.CONCAT(C19:N19) -> CEFGHIJL | P19: 3E | Q19: 3G | R19: 3J | S19: 3C | T19: 3H | U19: 3F | V19: 3L | W19: 3I | X19: =_xlfn.CONCAT(P19:W19) -> 3E3G3J3C3H3F3L3I
B20: 17 | E20: C | G20: E | H20: F | I20: G | J20: H | K20: I | L20: J | M20: K | O20: =_xlfn.CONCAT(C20:N20) -> CEFGHIJK | P20: 3E | Q20: 3G | R20: 3J | S20: 3C | T20: 3H | U20: 3F | V20: 3I | W20: 3K | X20: =_xlfn.CONCAT(P20:W20) -> 3E3G3J3C3H3F3I3K
B21: 18 | E21: C | F21: D | I21: G | J21: H | K21: I | L21: J | M21: K | N21: L | O21: =_xlfn.CONCAT(C21:N21) -> CDGHIJKL | P21: 3H | Q21: 3G | R21: 3I | S21: 3C | T21: 3J | U21: 3D | V21: 3L | W21: 3K | X21: =_xlfn.CONCAT(P21:W21) -> 3H3G3I3C3J3D3L3K
B22: 19 | E22: C | F22: D | H22: F | J22: H | K22: I | L22: J | M22: K | N22: L | O22: =_xlfn.CONCAT(C22:N22) -> CDFHIJKL | P22: 3C | Q22: 3J | R22: 3I | S22: 3D | T22: 3H | U22: 3F | V22: 3L | W22: 3K | X22: =_xlfn.CONCAT(P22:W22) -> 3C3J3I3D3H3F3L3K
B23: 20 | E23: C | F23: D | H23: F | I23: G | K23: I | L23: J | M23: K | N23: L | O23: =_xlfn.CONCAT(C23:N23) -> CDFGIJKL | P23: 3C | Q23: 3G | R23: 3I | S23: 3D | T23: 3J | U23: 3F | V23: 3L | W23: 3K | X23: =_xlfn.CONCAT(P23:W23) -> 3C3G3I3D3J3F3L3K
B24: 21 | E24: C | F24: D | H24: F | I24: G | J24: H | L24: J | M24: K | N24: L | O24: =_xlfn.CONCAT(C24:N24) -> CDFGHJKL | P24: 3C | Q24: 3G | R24: 3J | S24: 3D | T24: 3H | U24: 3F | V24: 3L | W24: 3K | X24: =_xlfn.CONCAT(P24:W24) -> 3C3G3J3D3H3F3L3K
B25: 22 | E25: C | F25: D | H25: F | I25: G | J25: H | K25: I | M25: K | N25: L | O25: =_xlfn.CONCAT(C25:N25) -> CDFGHIKL | P25: 3C | Q25: 3G | R25: 3I | S25: 3D | T25: 3H | U25: 3F | V25: 3L | W25: 3K | X25: =_xlfn.CONCAT(P25:W25) -> 3C3G3I3D3H3F3L3K
B26: 23 | E26: C | F26: D | H26: F | I26: G | J26: H | K26: I | L26: J | N26: L | O26: =_xlfn.CONCAT(C26:N26) -> CDFGHIJL | P26: 3C | Q26: 3G | R26: 3J | S26: 3D | T26: 3H | U26: 3F | V26: 3L | W26: 3I | X26: =_xlfn.CONCAT(P26:W26) -> 3C3G3J3D3H3F3L3I
B27: 24 | E27: C | F27: D | H27: F | I27: G | J27: H | K27: I | L27: J | M27: K | O27: =_xlfn.CONCAT(C27:N27) -> CDFGHIJK | P27: 3C | Q27: 3G | R27: 3J | S27: 3D | T27: 3H | U27: 3F | V27: 3I | W27: 3K | X27: =_xlfn.CONCAT(P27:W27) -> 3C3G3J3D3H3F3I3K
B28: 25 | E28: C | F28: D | G28: E | J28: H | K28: I | L28: J | M28: K | N28: L | O28: =_xlfn.CONCAT(C28:N28) -> CDEHIJKL | P28: 3E | Q28: 3J | R28: 3I | S28: 3C | T28: 3H | U28: 3D | V28: 3L | W28: 3K | X28: =_xlfn.CONCAT(P28:W28) -> 3E3J3I3C3H3D3L3K
B29: 26 | E29: C | F29: D | G29: E | I29: G | K29: I | L29: J | M29: K | N29: L | O29: =_xlfn.CONCAT(C29:N29) -> CDEGIJKL | P29: 3E | Q29: 3G | R29: 3I | S29: 3C | T29: 3J | U29: 3D | V29: 3L | W29: 3K | X29: =_xlfn.CONCAT(P29:W29) -> 3E3G3I3C3J3D3L3K
B30: 27 | E30: C | F30: D | G30: E | I30: G | J30: H | L30: J | M30: K | N30: L | O30: =_xlfn.CONCAT(C30:N30) -> CDEGHJKL | P30: 3E | Q30: 3G | R30: 3J | S30: 3C | T30: 3H | U30: 3D | V30: 3L | W30: 3K | X30: =_xlfn.CONCAT(P30:W30) -> 3E3G3J3C3H3D3L3K
B31: 28 | E31: C | F31: D | G31: E | I31: G | J31: H | K31: I | M31: K | N31: L | O31: =_xlfn.CONCAT(C31:N31) -> CDEGHIKL | P31: 3E | Q31: 3G | R31: 3I | S31: 3C | T31: 3H | U31: 3D | V31: 3L | W31: 3K | X31: =_xlfn.CONCAT(P31:W31) -> 3E3G3I3C3H3D3L3K
B32: 29 | E32: C | F32: D | G32: E | I32: G | J32: H | K32: I | L32: J | N32: L | O32: =_xlfn.CONCAT(C32:N32) -> CDEGHIJL | P32: 3E | Q32: 3G | R32: 3J | S32: 3C | T32: 3H | U32: 3D | V32: 3L | W32: 3I | X32: =_xlfn.CONCAT(P32:W32) -> 3E3G3J3C3H3D3L3I
B33: 30 | E33: C | F33: D | G33: E | I33: G | J33: H | K33: I | L33: J | M33: K | O33: =_xlfn.CONCAT(C33:N33) -> CDEGHIJK | P33: 3E | Q33: 3G | R33: 3J | S33: 3C | T33: 3H | U33: 3D | V33: 3I | W33: 3K | X33: =_xlfn.CONCAT(P33:W33) -> 3E3G3J3C3H3D3I3K
B34: 31 | E34: C | F34: D | G34: E | H34: F | K34: I | L34: J | M34: K | N34: L | O34: =_xlfn.CONCAT(C34:N34) -> CDEFIJKL | P34: 3C | Q34: 3J | R34: 3E | S34: 3D | T34: 3I | U34: 3F | V34: 3L | W34: 3K | X34: =_xlfn.CONCAT(P34:W34) -> 3C3J3E3D3I3F3L3K
B35: 32 | E35: C | F35: D | G35: E | H35: F | J35: H | L35: J | M35: K | N35: L | O35: =_xlfn.CONCAT(C35:N35) -> CDEFHJKL | P35: 3C | Q35: 3J | R35: 3E | S35: 3D | T35: 3H | U35: 3F | V35: 3L | W35: 3K | X35: =_xlfn.CONCAT(P35:W35) -> 3C3J3E3D3H3F3L3K
B36: 33 | E36: C | F36: D | G36: E | H36: F | J36: H | K36: I | M36: K | N36: L | O36: =_xlfn.CONCAT(C36:N36) -> CDEFHIKL | P36: 3C | Q36: 3E | R36: 3I | S36: 3D | T36: 3H | U36: 3F | V36: 3L | W36: 3K | X36: =_xlfn.CONCAT(P36:W36) -> 3C3E3I3D3H3F3L3K
B37: 34 | E37: C | F37: D | G37: E | H37: F | J37: H | K37: I | L37: J | N37: L | O37: =_xlfn.CONCAT(C37:N37) -> CDEFHIJL | P37: 3C | Q37: 3J | R37: 3E | S37: 3D | T37: 3H | U37: 3F | V37: 3L | W37: 3I | X37: =_xlfn.CONCAT(P37:W37) -> 3C3J3E3D3H3F3L3I
B38: 35 | E38: C | F38: D | G38: E | H38: F | J38: H | K38: I | L38: J | M38: K | O38: =_xlfn.CONCAT(C38:N38) -> CDEFHIJK | P38: 3C | Q38: 3J | R38: 3E | S38: 3D | T38: 3H | U38: 3F | V38: 3I | W38: 3K | X38: =_xlfn.CONCAT(P38:W38) -> 3C3J3E3D3H3F3I3K
B39: 36 | E39: C | F39: D | G39: E | H39: F | I39: G | L39: J | M39: K | N39: L | O39: =_xlfn.CONCAT(C39:N39) -> CDEFGJKL | P39: 3C | Q39: 3G | R39: 3E | S39: 3D | T39: 3J | U39: 3F | V39: 3L | W39: 3K | X39: =_xlfn.CONCAT(P39:W39) -> 3C3G3E3D3J3F3L3K
B40: 37 | E40: C | F40: D | G40: E | H40: F | I40: G | K40: I | M40: K | N40: L | O40: =_xlfn.CONCAT(C40:N40) -> CDEFGIKL | P40: 3C | Q40: 3G | R40: 3E | S40: 3D | T40: 3I | U40: 3F | V40: 3L | W40: 3K | X40: =_xlfn.CONCAT(P40:W40) -> 3C3G3E3D3I3F3L3K
B41: 38 | E41: C | F41: D | G41: E | H41: F | I41: G | K41: I | L41: J | N41: L | O41: =_xlfn.CONCAT(C41:N41) -> CDEFGIJL | P41: 3C | Q41: 3G | R41: 3E | S41: 3D | T41: 3J | U41: 3F | V41: 3L | W41: 3I | X41: =_xlfn.CONCAT(P41:W41) -> 3C3G3E3D3J3F3L3I
B42: 39 | E42: C | F42: D | G42: E | H42: F | I42: G | K42: I | L42: J | M42: K | O42: =_xlfn.CONCAT(C42:N42) -> CDEFGIJK | P42: 3C | Q42: 3G | R42: 3E | S42: 3D | T42: 3J | U42: 3F | V42: 3I | W42: 3K | X42: =_xlfn.CONCAT(P42:W42) -> 3C3G3E3D3J3F3I3K
B43: 40 | E43: C | F43: D | G43: E | H43: F | I43: G | J43: H | M43: K | N43: L | O43: =_xlfn.CONCAT(C43:N43) -> CDEFGHKL | P43: 3C | Q43: 3G | R43: 3E | S43: 3D | T43: 3H | U43: 3F | V43: 3L | W43: 3K | X43: =_xlfn.CONCAT(P43:W43) -> 3C3G3E3D3H3F3L3K
B44: 41 | E44: C | F44: D | G44: E | H44: F | I44: G | J44: H | L44: J | N44: L | O44: =_xlfn.CONCAT(C44:N44) -> CDEFGHJL | P44: 3C | Q44: 3G | R44: 3J | S44: 3D | T44: 3H | U44: 3F | V44: 3L | W44: 3E | X44: =_xlfn.CONCAT(P44:W44) -> 3C3G3J3D3H3F3L3E
B45: 42 | E45: C | F45: D | G45: E | H45: F | I45: G | J45: H | L45: J | M45: K | O45: =_xlfn.CONCAT(C45:N45) -> CDEFGHJK | P45: 3C | Q45: 3G | R45: 3J | S45: 3D | T45: 3H | U45: 3F | V45: 3E | W45: 3K | X45: =_xlfn.CONCAT(P45:W45) -> 3C3G3J3D3H3F3E3K
B46: 43 | E46: C | F46: D | G46: E | H46: F | I46: G | J46: H | K46: I | N46: L | O46: =_xlfn.CONCAT(C46:N46) -> CDEFGHIL | P46: 3C | Q46: 3G | R46: 3E | S46: 3D | T46: 3H | U46: 3F | V46: 3L | W46: 3I | X46: =_xlfn.CONCAT(P46:W46) -> 3C3G3E3D3H3F3L3I
B47: 44 | E47: C | F47: D | G47: E | H47: F | I47: G | J47: H | K47: I | M47: K | O47: =_xlfn.CONCAT(C47:N47) -> CDEFGHIK | P47: 3C | Q47: 3G | R47: 3E | S47: 3D | T47: 3H | U47: 3F | V47: 3I | W47: 3K | X47: =_xlfn.CONCAT(P47:W47) -> 3C3G3E3D3H3F3I3K
B48: 45 | E48: C | F48: D | G48: E | H48: F | I48: G | J48: H | K48: I | L48: J | O48: =_xlfn.CONCAT(C48:N48) -> CDEFGHIJ | P48: 3C | Q48: 3G | R48: 3J | S48: 3D | T48: 3H | U48: 3F | V48: 3E | W48: 3I | X48: =_xlfn.CONCAT(P48:W48) -> 3C3G3J3D3H3F3E3I
B49: 46 | D49: B | H49: F | I49: G | J49: H | K49: I | L49: J | M49: K | N49: L | O49: =_xlfn.CONCAT(C49:N49) -> BFGHIJKL | P49: 3H | Q49: 3J | R49: 3B | S49: 3F | T49: 3I | U49: 3G | V49: 3L | W49: 3K | X49: =_xlfn.CONCAT(P49:W49) -> 3H3J3B3F3I3G3L3K
B50: 47 | D50: B | G50: E | I50: G | J50: H | K50: I | L50: J | M50: K | N50: L | O50: =_xlfn.CONCAT(C50:N50) -> BEGHIJKL | P50: 3E | Q50: 3J | R50: 3I | S50: 3B | T50: 3H | U50: 3G | V50: 3L | W50: 3K | X50: =_xlfn.CONCAT(P50:W50) -> 3E3J3I3B3H3G3L3K
B51: 48 | D51: B | G51: E | H51: F | J51: H | K51: I | L51: J | M51: K | N51: L | O51: =_xlfn.CONCAT(C51:N51) -> BEFHIJKL | P51: 3E | Q51: 3J | R51: 3B | S51: 3F | T51: 3I | U51: 3H | V51: 3L | W51: 3K | X51: =_xlfn.CONCAT(P51:W51) -> 3E3J3B3F3I3H3L3K
B52: 49 | D52: B | G52: E | H52: F | I52: G | K52: I | L52: J | M52: K | N52: L | O52: =_xlfn.CONCAT(C52:N52) -> BEFGIJKL | P52: 3E | Q52: 3J | R52: 3B | S52: 3F | T52: 3I | U52: 3G | V52: 3L | W52: 3K | X52: =_xlfn.CONCAT(P52:W52) -> 3E3J3B3F3I3G3L3K
B53: 50 | D53: B | G53: E | H53: F | I53: G | J53: H | L53: J | M53: K | N53: L | O53: =_xlfn.CONCAT(C53:N53) -> BEFGHJKL | P53: 3E | Q53: 3J | R53: 3B | S53: 3F | T53: 3H | U53: 3G | V53: 3L | W53: 3K | X53: =_xlfn.CONCAT(P53:W53) -> 3E3J3B3F3H3G3L3K
B54: 51 | D54: B | G54: E | H54: F | I54: G | J54: H | K54: I | M54: K | N54: L | O54: =_xlfn.CONCAT(C54:N54) -> BEFGHIKL | P54: 3E | Q54: 3G | R54: 3B | S54: 3F | T54: 3I | U54: 3H | V54: 3L | W54: 3K | X54: =_xlfn.CONCAT(P54:W54) -> 3E3G3B3F3I3H3L3K
B55: 52 | D55: B | G55: E | H55: F | I55: G | J55: H | K55: I | L55: J | N55: L | O55: =_xlfn.CONCAT(C55:N55) -> BEFGHIJL | P55: 3E | Q55: 3J | R55: 3B | S55: 3F | T55: 3H | U55: 3G | V55: 3L | W55: 3I | X55: =_xlfn.CONCAT(P55:W55) -> 3E3J3B3F3H3G3L3I
B56: 53 | D56: B | G56: E | H56: F | I56: G | J56: H | K56: I | L56: J | M56: K | O56: =_xlfn.CONCAT(C56:N56) -> BEFGHIJK | P56: 3E | Q56: 3J | R56: 3B | S56: 3F | T56: 3H | U56: 3G | V56: 3I | W56: 3K | X56: =_xlfn.CONCAT(P56:W56) -> 3E3J3B3F3H3G3I3K
B57: 54 | D57: B | F57: D | I57: G | J57: H | K57: I | L57: J | M57: K | N57: L | O57: =_xlfn.CONCAT(C57:N57) -> BDGHIJKL | P57: 3H | Q57: 3J | R57: 3B | S57: 3D | T57: 3I | U57: 3G | V57: 3L | W57: 3K | X57: =_xlfn.CONCAT(P57:W57) -> 3H3J3B3D3I3G3L3K
B58: 55 | D58: B | F58: D | H58: F | J58: H | K58: I | L58: J | M58: K | N58: L | O58: =_xlfn.CONCAT(C58:N58) -> BDFHIJKL | P58: 3H | Q58: 3J | R58: 3B | S58: 3D | T58: 3I | U58: 3F | V58: 3L | W58: 3K | X58: =_xlfn.CONCAT(P58:W58) -> 3H3J3B3D3I3F3L3K
B59: 56 | D59: B | F59: D | H59: F | I59: G | K59: I | L59: J | M59: K | N59: L | O59: =_xlfn.CONCAT(C59:N59) -> BDFGIJKL | P59: 3I | Q59: 3G | R59: 3B | S59: 3D | T59: 3J | U59: 3F | V59: 3L | W59: 3K | X59: =_xlfn.CONCAT(P59:W59) -> 3I3G3B3D3J3F3L3K
B60: 57 | D60: B | F60: D | H60: F | I60: G | J60: H | L60: J | M60: K | N60: L | O60: =_xlfn.CONCAT(C60:N60) -> BDFGHJKL | P60: 3H | Q60: 3G | R60: 3B | S60: 3D | T60: 3J | U60: 3F | V60: 3L | W60: 3K | X60: =_xlfn.CONCAT(P60:W60) -> 3H3G3B3D3J3F3L3K
B61: 58 | D61: B | F61: D | H61: F | I61: G | J61: H | K61: I | M61: K | N61: L | O61: =_xlfn.CONCAT(C61:N61) -> BDFGHIKL | P61: 3H | Q61: 3G | R61: 3B | S61: 3D | T61: 3I | U61: 3F | V61: 3L | W61: 3K | X61: =_xlfn.CONCAT(P61:W61) -> 3H3G3B3D3I3F3L3K
B62: 59 | D62: B | F62: D | H62: F | I62: G | J62: H | K62: I | L62: J | N62: L | O62: =_xlfn.CONCAT(C62:N62) -> BDFGHIJL | P62: 3H | Q62: 3G | R62: 3B | S62: 3D | T62: 3J | U62: 3F | V62: 3L | W62: 3I | X62: =_xlfn.CONCAT(P62:W62) -> 3H3G3B3D3J3F3L3I
B63: 60 | D63: B | F63: D | H63: F | I63: G | J63: H | K63: I | L63: J | M63: K | O63: =_xlfn.CONCAT(C63:N63) -> BDFGHIJK | P63: 3H | Q63: 3G | R63: 3B | S63: 3D | T63: 3J | U63: 3F | V63: 3I | W63: 3K | X63: =_xlfn.CONCAT(P63:W63) -> 3H3G3B3D3J3F3I3K
B64: 61 | D64: B | F64: D | G64: E | J64: H | K64: I | L64: J | M64: K | N64: L | O64: =_xlfn.CONCAT(C64:N64) -> BDEHIJKL | P64: 3E | Q64: 3J | R64: 3B | S64: 3D | T64: 3I | U64: 3H | V64: 3L | W64: 3K | X64: =_xlfn.CONCAT(P64:W64) -> 3E3J3B3D3I3H3L3K
B65: 62 | D65: B | F65: D | G65: E | I65: G | K65: I | L65: J | M65: K | N65: L | O65: =_xlfn.CONCAT(C65:N65) -> BDEGIJKL | P65: 3E | Q65: 3J | R65: 3B | S65: 3D | T65: 3I | U65: 3G | V65: 3L | W65: 3K | X65: =_xlfn.CONCAT(P65:W65) -> 3E3J3B3D3I3G3L3K
B66: 63 | D66: B | F66: D | G66: E | I66: G | J66: H | L66: J | M66: K | N66: L | O66: =_xlfn.CONCAT(C66:N66) -> BDEGHJKL | P66: 3E | Q66: 3J | R66: 3B | S66: 3D | T66: 3H | U66: 3G | V66: 3L | W66: 3K | X66: =_xlfn.CONCAT(P66:W66) -> 3E3J3B3D3H3G3L3K
B67: 64 | D67: B | F67: D | G67: E | I67: G | J67: H | K67: I | M67: K | N67: L | O67: =_xlfn.CONCAT(C67:N67) -> BDEGHIKL | P67: 3E | Q67: 3G | R67: 3B | S67: 3D | T67: 3I | U67: 3H | V67: 3L | W67: 3K | X67: =_xlfn.CONCAT(P67:W67) -> 3E3G3B3D3I3H3L3K
B68: 65 | D68: B | F68: D | G68: E | I68: G | J68: H | K68: I | L68: J | N68: L | O68: =_xlfn.CONCAT(C68:N68) -> BDEGHIJL | P68: 3E | Q68: 3J | R68: 3B | S68: 3D | T68: 3H | U68: 3G | V68: 3L | W68: 3I | X68: =_xlfn.CONCAT(P68:W68) -> 3E3J3B3D3H3G3L3I
B69: 66 | D69: B | F69: D | G69: E | I69: G | J69: H | K69: I | L69: J | M69: K | O69: =_xlfn.CONCAT(C69:N69) -> BDEGHIJK | P69: 3E | Q69: 3J | R69: 3B | S69: 3D | T69: 3H | U69: 3G | V69: 3I | W69: 3K | X69: =_xlfn.CONCAT(P69:W69) -> 3E3J3B3D3H3G3I3K
B70: 67 | D70: B | F70: D | G70: E | H70: F | K70: I | L70: J | M70: K | N70: L | O70: =_xlfn.CONCAT(C70:N70) -> BDEFIJKL | P70: 3E | Q70: 3J | R70: 3B | S70: 3D | T70: 3I | U70: 3F | V70: 3L | W70: 3K | X70: =_xlfn.CONCAT(P70:W70) -> 3E3J3B3D3I3F3L3K
B71: 68 | D71: B | F71: D | G71: E | H71: F | J71: H | L71: J | M71: K | N71: L | O71: =_xlfn.CONCAT(C71:N71) -> BDEFHJKL | P71: 3E | Q71: 3J | R71: 3B | S71: 3D | T71: 3H | U71: 3F | V71: 3L | W71: 3K | X71: =_xlfn.CONCAT(P71:W71) -> 3E3J3B3D3H3F3L3K
B72: 69 | D72: B | F72: D | G72: E | H72: F | J72: H | K72: I | M72: K | N72: L | O72: =_xlfn.CONCAT(C72:N72) -> BDEFHIKL | P72: 3E | Q72: 3I | R72: 3B | S72: 3D | T72: 3H | U72: 3F | V72: 3L | W72: 3K | X72: =_xlfn.CONCAT(P72:W72) -> 3E3I3B3D3H3F3L3K
B73: 70 | D73: B | F73: D | G73: E | H73: F | J73: H | K73: I | L73: J | N73: L | O73: =_xlfn.CONCAT(C73:N73) -> BDEFHIJL | P73: 3E | Q73: 3J | R73: 3B | S73: 3D | T73: 3H | U73: 3F | V73: 3L | W73: 3I | X73: =_xlfn.CONCAT(P73:W73) -> 3E3J3B3D3H3F3L3I
B74: 71 | D74: B | F74: D | G74: E | H74: F | J74: H | K74: I | L74: J | M74: K | O74: =_xlfn.CONCAT(C74:N74) -> BDEFHIJK | P74: 3E | Q74: 3J | R74: 3B | S74: 3D | T74: 3H | U74: 3F | V74: 3I | W74: 3K | X74: =_xlfn.CONCAT(P74:W74) -> 3E3J3B3D3H3F3I3K
B75: 72 | D75: B | F75: D | G75: E | H75: F | I75: G | L75: J | M75: K | N75: L | O75: =_xlfn.CONCAT(C75:N75) -> BDEFGJKL | P75: 3E | Q75: 3G | R75: 3B | S75: 3D | T75: 3J | U75: 3F | V75: 3L | W75: 3K | X75: =_xlfn.CONCAT(P75:W75) -> 3E3G3B3D3J3F3L3K
B76: 73 | D76: B | F76: D | G76: E | H76: F | I76: G | K76: I | M76: K | N76: L | O76: =_xlfn.CONCAT(C76:N76) -> BDEFGIKL | P76: 3E | Q76: 3G | R76: 3B | S76: 3D | T76: 3I | U76: 3F | V76: 3L | W76: 3K | X76: =_xlfn.CONCAT(P76:W76) -> 3E3G3B3D3I3F3L3K
B77: 74 | D77: B | F77: D | G77: E | H77: F | I77: G | K77: I | L77: J | N77: L | O77: =_xlfn.CONCAT(C77:N77) -> BDEFGIJL | P77: 3E | Q77: 3G | R77: 3B | S77: 3D | T77: 3J | U77: 3F | V77: 3L | W77: 3I | X77: =_xlfn.CONCAT(P77:W77) -> 3E3G3B3D3J3F3L3I
B78: 75 | D78: B | F78: D | G78: E | H78: F | I78: G | K78: I | L78: J | M78: K | O78: =_xlfn.CONCAT(C78:N78) -> BDEFGIJK | P78: 3E | Q78: 3G | R78: 3B | S78: 3D | T78: 3J | U78: 3F | V78: 3I | W78: 3K | X78: =_xlfn.CONCAT(P78:W78) -> 3E3G3B3D3J3F3I3K
B79: 76 | D79: B | F79: D | G79: E | H79: F | I79: G | J79: H | M79: K | N79: L | O79: =_xlfn.CONCAT(C79:N79) -> BDEFGHKL | P79: 3E | Q79: 3G | R79: 3B | S79: 3D | T79: 3H | U79: 3F | V79: 3L | W79: 3K | X79: =_xlfn.CONCAT(P79:W79) -> 3E3G3B3D3H3F3L3K
B80: 77 | D80: B | F80: D | G80: E | H80: F | I80: G | J80: H | L80: J | N80: L | O80: =_xlfn.CONCAT(C80:N80) -> BDEFGHJL | P80: 3H | Q80: 3G | R80: 3B | S80: 3D | T80: 3J | U80: 3F | V80: 3L | W80: 3E | X80: =_xlfn.CONCAT(P80:W80) -> 3H3G3B3D3J3F3L3E
B81: 78 | D81: B | F81: D | G81: E | H81: F | I81: G | J81: H | L81: J | M81: K | O81: =_xlfn.CONCAT(C81:N81) -> BDEFGHJK | P81: 3H | Q81: 3G | R81: 3B | S81: 3D | T81: 3J | U81: 3F | V81: 3E | W81: 3K | X81: =_xlfn.CONCAT(P81:W81) -> 3H3G3B3D3J3F3E3K
B82: 79 | D82: B | F82: D | G82: E | H82: F | I82: G | J82: H | K82: I | N82: L | O82: =_xlfn.CONCAT(C82:N82) -> BDEFGHIL | P82: 3E | Q82: 3G | R82: 3B | S82: 3D | T82: 3H | U82: 3F | V82: 3L | W82: 3I | X82: =_xlfn.CONCAT(P82:W82) -> 3E3G3B3D3H3F3L3I
B83: 80 | D83: B | F83: D | G83: E | H83: F | I83: G | J83: H | K83: I | M83: K | O83: =_xlfn.CONCAT(C83:N83) -> BDEFGHIK | P83: 3E | Q83: 3G | R83: 3B | S83: 3D | T83: 3H | U83: 3F | V83: 3I | W83: 3K | X83: =_xlfn.CONCAT(P83:W83) -> 3E3G3B3D3H3F3I3K
B84: 81 | D84: B | F84: D | G84: E | H84: F | I84: G | J84: H | K84: I | L84: J | O84: =_xlfn.CONCAT(C84:N84) -> BDEFGHIJ | P84: 3H | Q84: 3G | R84: 3B | S84: 3D | T84: 3J | U84: 3F | V84: 3E | W84: 3I | X84: =_xlfn.CONCAT(P84:W84) -> 3H3G3B3D3J3F3E3I
B85: 82 | D85: B | E85: C | I85: G | J85: H | K85: I | L85: J | M85: K | N85: L | O85: =_xlfn.CONCAT(C85:N85) -> BCGHIJKL | P85: 3H | Q85: 3J | R85: 3B | S85: 3C | T85: 3I | U85: 3G | V85: 3L | W85: 3K | X85: =_xlfn.CONCAT(P85:W85) -> 3H3J3B3C3I3G3L3K
B86: 83 | D86: B | E86: C | H86: F | J86: H | K86: I | L86: J | M86: K | N86: L | O86: =_xlfn.CONCAT(C86:N86) -> BCFHIJKL | P86: 3H | Q86: 3J | R86: 3B | S86: 3C | T86: 3I | U86: 3F | V86: 3L | W86: 3K | X86: =_xlfn.CONCAT(P86:W86) -> 3H3J3B3C3I3F3L3K
B87: 84 | D87: B | E87: C | H87: F | I87: G | K87: I | L87: J | M87: K | N87: L | O87: =_xlfn.CONCAT(C87:N87) -> BCFGIJKL | P87: 3I | Q87: 3G | R87: 3B | S87: 3C | T87: 3J | U87: 3F | V87: 3L | W87: 3K | X87: =_xlfn.CONCAT(P87:W87) -> 3I3G3B3C3J3F3L3K
B88: 85 | D88: B | E88: C | H88: F | I88: G | J88: H | L88: J | M88: K | N88: L | O88: =_xlfn.CONCAT(C88:N88) -> BCFGHJKL | P88: 3H | Q88: 3G | R88: 3B | S88: 3C | T88: 3J | U88: 3F | V88: 3L | W88: 3K | X88: =_xlfn.CONCAT(P88:W88) -> 3H3G3B3C3J3F3L3K
B89: 86 | D89: B | E89: C | H89: F | I89: G | J89: H | K89: I | M89: K | N89: L | O89: =_xlfn.CONCAT(C89:N89) -> BCFGHIKL | P89: 3H | Q89: 3G | R89: 3B | S89: 3C | T89: 3I | U89: 3F | V89: 3L | W89: 3K | X89: =_xlfn.CONCAT(P89:W89) -> 3H3G3B3C3I3F3L3K
B90: 87 | D90: B | E90: C | H90: F | I90: G | J90: H | K90: I | L90: J | N90: L | O90: =_xlfn.CONCAT(C90:N90) -> BCFGHIJL | P90: 3H | Q90: 3G | R90: 3B | S90: 3C | T90: 3J | U90: 3F | V90: 3L | W90: 3I | X90: =_xlfn.CONCAT(P90:W90) -> 3H3G3B3C3J3F3L3I
B91: 88 | D91: B | E91: C | H91: F | I91: G | J91: H | K91: I | L91: J | M91: K | O91: =_xlfn.CONCAT(C91:N91) -> BCFGHIJK | P91: 3H | Q91: 3G | R91: 3B | S91: 3C | T91: 3J | U91: 3F | V91: 3I | W91: 3K | X91: =_xlfn.CONCAT(P91:W91) -> 3H3G3B3C3J3F3I3K
B92: 89 | D92: B | E92: C | G92: E | J92: H | K92: I | L92: J | M92: K | N92: L | O92: =_xlfn.CONCAT(C92:N92) -> BCEHIJKL | P92: 3E | Q92: 3J | R92: 3B | S92: 3C | T92: 3I | U92: 3H | V92: 3L | W92: 3K | X92: =_xlfn.CONCAT(P92:W92) -> 3E3J3B3C3I3H3L3K
B93: 90 | D93: B | E93: C | G93: E | I93: G | K93: I | L93: J | M93: K | N93: L | O93: =_xlfn.CONCAT(C93:N93) -> BCEGIJKL | P93: 3E | Q93: 3J | R93: 3B | S93: 3C | T93: 3I | U93: 3G | V93: 3L | W93: 3K | X93: =_xlfn.CONCAT(P93:W93) -> 3E3J3B3C3I3G3L3K
B94: 91 | D94: B | E94: C | G94: E | I94: G | J94: H | L94: J | M94: K | N94: L | O94: =_xlfn.CONCAT(C94:N94) -> BCEGHJKL | P94: 3E | Q94: 3J | R94: 3B | S94: 3C | T94: 3H | U94: 3G | V94: 3L | W94: 3K | X94: =_xlfn.CONCAT(P94:W94) -> 3E3J3B3C3H3G3L3K
B95: 92 | D95: B | E95: C | G95: E | I95: G | J95: H | K95: I | M95: K | N95: L | O95: =_xlfn.CONCAT(C95:N95) -> BCEGHIKL | P95: 3E | Q95: 3G | R95: 3B | S95: 3C | T95: 3I | U95: 3H | V95: 3L | W95: 3K | X95: =_xlfn.CONCAT(P95:W95) -> 3E3G3B3C3I3H3L3K
B96: 93 | D96: B | E96: C | G96: E | I96: G | J96: H | K96: I | L96: J | N96: L | O96: =_xlfn.CONCAT(C96:N96) -> BCEGHIJL | P96: 3E | Q96: 3J | R96: 3B | S96: 3C | T96: 3H | U96: 3G | V96: 3L | W96: 3I | X96: =_xlfn.CONCAT(P96:W96) -> 3E3J3B3C3H3G3L3I
B97: 94 | D97: B | E97: C | G97: E | I97: G | J97: H | K97: I | L97: J | M97: K | O97: =_xlfn.CONCAT(C97:N97) -> BCEGHIJK | P97: 3E | Q97: 3J | R97: 3B | S97: 3C | T97: 3H | U97: 3G | V97: 3I | W97: 3K | X97: =_xlfn.CONCAT(P97:W97) -> 3E3J3B3C3H3G3I3K
B98: 95 | D98: B | E98: C | G98: E | H98: F | K98: I | L98: J | M98: K | N98: L | O98: =_xlfn.CONCAT(C98:N98) -> BCEFIJKL | P98: 3E | Q98: 3J | R98: 3B | S98: 3C | T98: 3I | U98: 3F | V98: 3L | W98: 3K | X98: =_xlfn.CONCAT(P98:W98) -> 3E3J3B3C3I3F3L3K
B99: 96 | D99: B | E99: C | G99: E | H99: F | J99: H | L99: J | M99: K | N99: L | O99: =_xlfn.CONCAT(C99:N99) -> BCEFHJKL | P99: 3E | Q99: 3J | R99: 3B | S99: 3C | T99: 3H | U99: 3F | V99: 3L | W99: 3K | X99: =_xlfn.CONCAT(P99:W99) -> 3E3J3B3C3H3F3L3K
B100: 97 | D100: B | E100: C | G100: E | H100: F | J100: H | K100: I | M100: K | N100: L | O100: =_xlfn.CONCAT(C100:N100) -> BCEFHIKL | P100: 3E | Q100: 3I | R100: 3B | S100: 3C | T100: 3H | U100: 3F | V100: 3L | W100: 3K | X100: =_xlfn.CONCAT(P100:W100) -> 3E3I3B3C3H3F3L3K
B101: 98 | D101: B | E101: C | G101: E | H101: F | J101: H | K101: I | L101: J | N101: L | O101: =_xlfn.CONCAT(C101:N101) -> BCEFHIJL | P101: 3E | Q101: 3J | R101: 3B | S101: 3C | T101: 3H | U101: 3F | V101: 3L | W101: 3I | X101: =_xlfn.CONCAT(P101:W101) -> 3E3J3B3C3H3F3L3I
...

Sheet Finais
B1: 2026 FIFA World Cup - Finais
B3: Fase de 32 | X3: Quartas de Final
C4: Data | D4: Hora | E4: Seleção | G4: Placar | J4: Seleção | Y4: Data | Z4: Hora | AA4: Seleção | AC4: Placar | AF4: Seleção
B5: 73 | C5: 46201 | D5: 15.00 | E5: =IF('Fase de Grupos'!AH7=3,'Fase de Grupos'!AF7,"2º do Grupo A") -> África do Sul | G5: 0 | H5: x | I5: 1 | K5: =IF('Fase de Grupos'!AH13=3,'Fase de Grupos'!AF13,"2º do Grupo B") -> Canadá | L5: =IF(OR(G5="",I5=""),"",IF(G5=I5,"emp","")) | M5: =IF(OR(G5="",I5=""),"Vencedor 73",IF(G5<>I5,IF(G5>I5,E5,K5),IF(SUM(F5:G5)=SUM(I5:J5),"Vencedor 73",IF(SUM(F5:G5)>SUM(I5:J5),E5,K5)))) -> Canadá | N5: 73 | X5: Q1 | Y5: 46212 | Z5: 11.00 | AA5: =M25 -> Vencedor 89 | AD5: x | AG5: =M26 -> Vencedor 90 | AH5: =IF(OR(AC5="",AE5=""),"",IF(AC5=AE5,"emp","")) | AI5: =IF(OR(AC5="",AE5=""),"Vencedor Q1",IF(AC5<>AE5,IF(AC5>AE5,AA5,AG5),IF(SUM(AB5:AC5)=SUM(AE5:AF5),"Vencedor Q1",IF(SUM(AB5:AC5)>SUM(AE5:AF5),AA5,AG5)))) -> Vencedor Q1
B6: 74 | C6: 46202 | D6: 11.00 | E6: =IF('Fase de Grupos'!AH30=3,'Fase de Grupos'!AF30,"1º do Grupo E") -> Alemanha | F6: 3 | G6: 1 | H6: x | I6: 1 | J6: 4 | K6: =IF('Fase de Grupos'!$BL$18=36,R11,"3º A, B, C, D ou F") -> Paraguai | L6: =IF(OR(G6="",I6=""),"",IF(G6=I6,"emp","")) -> emp | M6: =IF(OR(G6="",I6=""),"Vencedor 74",IF(G6<>I6,IF(G6>I6,E6,K6),IF(SUM(F6:G6)=SUM(I6:J6),"Vencedor 74",IF(SUM(F6:G6)>SUM(I6:J6),E6,K6)))) -> Paraguai | N6: 74 | P6: ='Fase de Grupos'!AR39 -> 3E3J3B3D3I3F3L3K | X6: Q2 | Y6: 46213 | Z6: 15.00 | AA6: =M29 -> Vencedor 93 | AD6: x | AG6: =M30 -> Vencedor 94 | AH6: =IF(OR(AC6="",AE6=""),"",IF(AC6=AE6,"emp","")) | AI6: =IF(OR(AC6="",AE6=""),"Vencedor Q2",IF(AC6<>AE6,IF(AC6>AE6,AA6,AG6),IF(SUM(AB6:AC6)=SUM(AE6:AF6),"Vencedor Q2",IF(SUM(AB6:AC6)>SUM(AE6:AF6),AA6,AG6)))) -> Vencedor Q2
B7: 75 | C7: 46202 | D7: 11.00 | E7: =IF('Fase de Grupos'!AH36=3,'Fase de Grupos'!AF36,"1º do Grupo F") -> Países Baixos | F7: 2 | G7: 1 | H7: x | I7: 1 | J7: 3 | K7: =IF('Fase de Grupos'!AH19=3,'Fase de Grupos'!AF19,"2º do Grupo C") -> Marrocos | L7: =IF(OR(G7="",I7=""),"",IF(G7=I7,"emp","")) -> emp | M7: =IF(OR(G7="",I7=""),"Vencedor 75",IF(G7<>I7,IF(G7>I7,E7,K7),IF(SUM(F7:G7)=SUM(I7:J7),"Vencedor 75",IF(SUM(F7:G7)>SUM(I7:J7),E7,K7)))) -> Marrocos | N7: 75 | X7: Q3 | Y7: 46214 | Z7: 15.00 | AA7: =M27 -> Vencedor 91 | AD7: x | AG7: =M28 -> Vencedor 92 | AH7: =IF(OR(AC7="",AE7=""),"",IF(AC7=AE7,"emp","")) | AI7: =IF(OR(AC7="",AE7=""),"Vencedor Q3",IF(AC7<>AE7,IF(AC7>AE7,AA7,AG7),IF(SUM(AB7:AC7)=SUM(AE7:AF7),"Vencedor Q3",IF(SUM(AB7:AC7)>SUM(AE7:AF7),AA7,AG7)))) -> Vencedor Q3
B8: 76 | C8: 46202 | D8: 15.00 | E8: =IF('Fase de Grupos'!AH18=3,'Fase de Grupos'!AF18,"1º do Grupo C") -> Brasil | G8: 2 | H8: x | I8: 1 | K8: =IF('Fase de Grupos'!AH37=3,'Fase de Grupos'!AF37,"2º do Grupo F") -> Japão | L8: =IF(OR(G8="",I8=""),"",IF(G8=I8,"emp","")) | M8: =IF(OR(G8="",I8=""),"Vencedor 76",IF(G8<>I8,IF(G8>I8,E8,K8),IF(SUM(F8:G8)=SUM(I8:J8),"Vencedor 76",IF(SUM(F8:G8)>SUM(I8:J8),E8,K8)))) -> Brasil | N8: 76 | P8: 1A | Q8: =MID($P$6,1,2) -> 3E | R8: =VLOOKUP(Q8,'Fase de Grupos'!$AR$30:$AS$37,2,FALSE) -> Equador | T8: 1A | U8: 5 | X8: Q4 | Y8: 46214 | Z8: 11.00 | AA8: =M31 -> Vencedor 95 | AD8: x | AG8: =M32 -> Vencedor 96 | AH8: =IF(OR(AC8="",AE8=""),"",IF(AC8=AE8,"emp","")) | AI8: =IF(OR(AC8="",AE8=""),"Vencedor Q4",IF(AC8<>AE8,IF(AC8>AE8,AA8,AG8),IF(SUM(AB8:AC8)=SUM(AE8:AF8),"Vencedor Q4",IF(SUM(AB8:AC8)>SUM(AE8:AF8),AA8,AG8)))) -> Vencedor Q4
B9: 77 | C9: 46203 | D9: 11.00 | E9: =IF('Fase de Grupos'!AH54=3,'Fase de Grupos'!AF54,"1º do Grupo I") -> França | G9: 3 | H9: x | I9: 0 | K9: =IF('Fase de Grupos'!$BL$18=36,R13,"3º C, D, F, G ou H") -> Suécia | L9: =IF(OR(G9="",I9=""),"",IF(G9=I9,"emp","")) | M9: =IF(OR(G9="",I9=""),"Vencedor 77",IF(G9<>I9,IF(G9>I9,E9,K9),IF(SUM(F9:G9)=SUM(I9:J9),"Vencedor 77",IF(SUM(F9:G9)>SUM(I9:J9),E9,K9)))) -> França | N9: 77 | P9: 1B | Q9: =MID($P$6,3,2) -> 3J | R9: =VLOOKUP(Q9,'Fase de Grupos'!$AR$30:$AS$37,2,FALSE) -> Argélia | T9: 2A | U9: =U8+1 -> 6
B10: 78 | C10: 46203 | D10: 15.00 | E10: =IF('Fase de Grupos'!AH31=3,'Fase de Grupos'!AF31,"2º do Grupo E") -> Costa do Marfim | G10: 1 | H10: x | I10: 2 | K10: =IF('Fase de Grupos'!AH55=3,'Fase de Grupos'!AF55,"2º do Grupo I") -> Noruega | L10: =IF(OR(G10="",I10=""),"",IF(G10=I10,"emp","")) | M10: =IF(OR(G10="",I10=""),"Vencedor 78",IF(G10<>I10,IF(G10>I10,E10,K10),IF(SUM(F10:G10)=SUM(I10:J10),"Vencedor 78",IF(SUM(F10:G10)>SUM(I10:J10),E10,K10)))) -> Noruega | N10: 78 | P10: 1D | Q10: =MID($P$6,5,2) -> 3B | R10: =VLOOKUP(Q10,'Fase de Grupos'!$AR$30:$AS$37,2,FALSE) -> Bósnia | T10: 1B | U10: =U9+5 -> 11
B11: 79 | C11: 46203 | D11: 11.00 | E11: =IF('Fase de Grupos'!AH6=3,'Fase de Grupos'!AF6,"1º do Grupo A") -> México | G11: 2 | H11: x | I11: 0 | K11: =IF('Fase de Grupos'!$BL$18=36,R8,"3º C, E, F, H ou I") -> Equador | L11: =IF(OR(G11="",I11=""),"",IF(G11=I11,"emp","")) | M11: =IF(OR(G11="",I11=""),"Vencedor 79",IF(G11<>I11,IF(G11>I11,E11,K11),IF(SUM(F11:G11)=SUM(I11:J11),"Vencedor 79",IF(SUM(F11:G11)>SUM(I11:J11),E11,K11)))) -> México | N11: 79 | P11: 1E | Q11: =MID($P$6,7,2) -> 3D | R11: =VLOOKUP(Q11,'Fase de Grupos'!$AR$30:$AS$37,2,FALSE) -> Paraguai | T11: 2B | U11: =U10+1 -> 12 | X11: Semifinais
B12: 80 | C12: 46204 | D12: 15.00 | E12: =IF('Fase de Grupos'!AH72=3,'Fase de Grupos'!AF72,"1º do Grupo L") -> Inglaterra | G12: 2 | H12: x | I12: 1 | K12: =IF('Fase de Grupos'!$BL$18=36,R15,"3º E, H, I, J ou K") -> RD Congo | L12: =IF(OR(G12="",I12=""),"",IF(G12=I12,"emp","")) | M12: =IF(OR(G12="",I12=""),"Vencedor 80",IF(G12<>I12,IF(G12>I12,E12,K12),IF(SUM(F12:G12)=SUM(I12:J12),"Vencedor 80",IF(SUM(F12:G12)>SUM(I12:J12),E12,K12)))) -> Inglaterra | N12: 80 | P12: 1G | Q12: =MID($P$6,9,2) -> 3I | R12: =VLOOKUP(Q12,'Fase de Grupos'!$AR$30:$AS$37,2,FALSE) -> Senegal | T12: 1C | U12: =U11+5 -> 17 | Y12: Data | Z12: Hora | AA12: Seleção | AC12: Placar | AF12: Seleção
B13: 81 | C13: 46204 | D13: 15.00 | E13: =IF('Fase de Grupos'!AH24=3,'Fase de Grupos'!AF24,"1º do Grupo D") -> Estados Unidos | G13: 2 | H13: x | I13: 0 | K13: =IF('Fase de Grupos'!$BL$18=36,R10,"3º B, E, F, I ou J") -> Bósnia | L13: =IF(OR(G13="",I13=""),"",IF(G13=I13,"emp","")) | M13: =IF(OR(G13="",I13=""),"Vencedor 81",IF(G13<>I13,IF(G13>I13,E13,K13),IF(SUM(F13:G13)=SUM(I13:J13),"Vencedor 81",IF(SUM(F13:G13)>SUM(I13:J13),E13,K13)))) -> Estados Unidos | N13: 81 | P13: 1I | Q13: =MID($P$6,11,2) -> 3F | R13: =VLOOKUP(Q13,'Fase de Grupos'!$AR$30:$AS$37,2,FALSE) -> Suécia | T13: 2C | U13: =U12+1 -> 18 | X13: S1 | Y13: 46217 | Z13: 15.00 | AA13: =AI5 -> Vencedor Q1 | AD13: x | AG13: =AI6 -> Vencedor Q2 | AH13: =IF(OR(AC13="",AE13=""),"",IF(AC13=AE13,"emp","")) | AI13: =IF(OR(AC13="",AE13=""),"Vencedor S1",IF(AC13<>AE13,IF(AC13>AE13,AA13,AG13),IF(SUM(AB13:AC13)=SUM(AE13:AF13),"Vencedor S1",IF(SUM(AB13:AC13)>SUM(AE13:AF13),AA13,AG13)))) -> Vencedor S1
B14: 82 | C14: 46204 | D14: 11.00 | E14: =IF('Fase de Grupos'!AH42=3,'Fase de Grupos'!AF42,"1º do Grupo G") -> Bélgica | G14: 3 | H14: x | I14: 2 | K14: =IF('Fase de Grupos'!$BL$18=36,R12,"3º A, E, H, I ou J") -> Senegal | L14: =IF(OR(G14="",I14=""),"",IF(G14=I14,"emp","")) | M14: =IF(OR(G14="",I14=""),"Vencedor 82",IF(G14<>I14,IF(G14>I14,E14,K14),IF(SUM(F14:G14)=SUM(I14:J14),"Vencedor 82",IF(SUM(F14:G14)>SUM(I14:J14),E14,K14)))) -> Bélgica | N14: 82 | P14: 1K | Q14: =MID($P$6,13,2) -> 3L | R14: =VLOOKUP(Q14,'Fase de Grupos'!$AR$30:$AS$37,2,FALSE) -> Gana | T14: 1D | U14: =U13+5 -> 23 | X14: S2 | Y14: 46217 | Z14: 15.00 | AA14: =AI7 -> Vencedor Q3 | AD14: x | AG14: =AI8 -> Vencedor Q4 | AH14: =IF(OR(AC14="",AE14=""),"",IF(AC14=AE14,"emp","")) | AI14: =IF(OR(AC14="",AE14=""),"Vencedor S2",IF(AC14<>AE14,IF(AC14>AE14,AA14,AG14),IF(SUM(AB14:AC14)=SUM(AE14:AF14),"Vencedor S2",IF(SUM(AB14:AC14)>SUM(AE14:AF14),AA14,AG14)))) -> Vencedor S2
B15: 83 | C15: 46205 | D15: 11.00 | E15: =IF('Fase de Grupos'!AH67=3,'Fase de Grupos'!AF67,"2º do Grupo K") -> Portugal | H15: x | K15: =IF('Fase de Grupos'!AH73=3,'Fase de Grupos'!AF73,"2º do Grupo L") -> Croácia | L15: =IF(OR(G15="",I15=""),"",IF(G15=I15,"emp","")) | M15: =IF(OR(G15="",I15=""),"Vencedor 83",IF(G15<>I15,IF(G15>I15,E15,K15),IF(SUM(F15:G15)=SUM(I15:J15),"Vencedor 83",IF(SUM(F15:G15)>SUM(I15:J15),E15,K15)))) -> Vencedor 83 | N15: 83 | P15: 1L | Q15: =MID($P$6,15,2) -> 3K | R15: =VLOOKUP(Q15,'Fase de Grupos'!$AR$30:$AS$37,2,FALSE) -> RD Congo | T15: 2D | U15: =U14+1 -> 24 | AI15: =IF(OR(AC13="",AE13=""),"Perdedor S1",IF(AC13<>AE13,IF(AC13<AE13,AA13,AG13),IF(SUM(AB13:AC13)=SUM(AE13:AF13),"Perdedor S1",IF(SUM(AB13:AC13)<SUM(AE13:AF13),AA13,AG13)))) -> Perdedor S1
B16: 84 | C16: 46205 | D16: 15.00 | E16: =IF('Fase de Grupos'!AH48=3,'Fase de Grupos'!AF48,"1º do Grupo H") -> Espanha | H16: x | K16: =IF('Fase de Grupos'!AH61=3,'Fase de Grupos'!AF61,"2º do Grupo J") -> Áustria | L16: =IF(OR(G16="",I16=""),"",IF(G16=I16,"emp","")) | M16: =IF(OR(G16="",I16=""),"Vencedor 84",IF(G16<>I16,IF(G16>I16,E16,K16),IF(SUM(F16:G16)=SUM(I16:J16),"Vencedor 84",IF(SUM(F16:G16)>SUM(I16:J16),E16,K16)))) -> Vencedor 84 | N16: 84 | T16: 1E | U16: =U15+5 -> 29 | AI16: =IF(OR(AC14="",AE14=""),"Perdedor S2",IF(AC14<>AE14,IF(AC14<AE14,AA14,AG14),IF(SUM(AB14:AC14)=SUM(AE14:AF14),"Perdedor S2",IF(SUM(AB14:AC14)<SUM(AE14:AF14),AA14,AG14)))) -> Perdedor S2
B17: 85 | C17: 46205 | D17: 11.00 | E17: =IF('Fase de Grupos'!AH12=3,'Fase de Grupos'!AF12,"1º do Grupo B") -> Suiça | H17: x | K17: =IF('Fase de Grupos'!$BL$18=36,R9,"3º E, F, G, I ou J") -> Argélia | L17: =IF(OR(G17="",I17=""),"",IF(G17=I17,"emp","")) | M17: =IF(OR(G17="",I17=""),"Vencedor 85",IF(G17<>I17,IF(G17>I17,E17,K17),IF(SUM(F17:G17)=SUM(I17:J17),"Vencedor 85",IF(SUM(F17:G17)>SUM(I17:J17),E17,K17)))) -> Vencedor 85 | N17: 85 | T17: 2E | U17: =U16+1 -> 30 | X17: Decisão do 3º Lugar
B18: 86 | C18: 46206 | D18: 15.00 | E18: =IF('Fase de Grupos'!AH60=3,'Fase de Grupos'!AF60,"1º do Grupo J") -> Argentina | H18: x | K18: =IF('Fase de Grupos'!AH49=3,'Fase de Grupos'!AF49,"2º do Grupo H") -> Cabo Verde | L18: =IF(OR(G18="",I18=""),"",IF(G18=I18,"emp","")) | M18: =IF(OR(G18="",I18=""),"Vencedor 86",IF(G18<>I18,IF(G18>I18,E18,K18),IF(SUM(F18:G18)=SUM(I18:J18),"Vencedor 86",IF(SUM(F18:G18)>SUM(I18:J18),E18,K18)))) -> Vencedor 86 | N18: 86 | T18: 1F | U18: =U17+5 -> 35 | Y18: Data | Z18: Hora | AA18: Seleção | AC18: Placar | AF18: Seleção
B19: 87 | C19: 46206 | D19: 11.00 | E19: =IF('Fase de Grupos'!AH66=3,'Fase de Grupos'!AF66,"1º do Grupo K") -> Colômbia | H19: x | K19: =IF('Fase de Grupos'!$BL$18=36,R14,"3º D, E, I, J ou L") -> Gana | L19: =IF(OR(G19="",I19=""),"",IF(G19=I19,"emp","")) | M19: =IF(OR(G19="",I19=""),"Vencedor 87",IF(G19<>I19,IF(G19>I19,E19,K19),IF(SUM(F19:G19)=SUM(I19:J19),"Vencedor 87",IF(SUM(F19:G19)>SUM(I19:J19),E19,K19)))) -> Vencedor 87 | N19: 87 | T19: 2F | U19: =U18+1 -> 36 | X19: 3º | Y19: 46221 | Z19: 11.00 | AA19: =AI15 -> Perdedor S1 | AD19: x | AG19: =AI16 -> Perdedor S2 | AH19: =IF(OR(AC19="",AE19=""),"",IF(AC19=AE19,"emp","")) | AI19: =IF(OR(AC19="",AE19=""),"3º Lugar",IF(AC19<>AE19,IF(AC19>AE19,AA19,AG19),IF(SUM(AB19:AC19)=SUM(AE19:AF19),"3º Lugar",IF(SUM(AB19:AC19)>SUM(AE19:AF19),AA19,AG19)))) -> 3º Lugar
B20: 88 | C20: 46206 | D20: 15.00 | E20: =IF('Fase de Grupos'!AH25=3,'Fase de Grupos'!AF25,"2º do Grupo D") -> Austrália | H20: x | K20: =IF('Fase de Grupos'!AH43=3,'Fase de Grupos'!AF43,"2º do Grupo G") -> Egito | L20: =IF(OR(G20="",I20=""),"",IF(G20=I20,"emp","")) | M20: =IF(OR(G20="",I20=""),"Vencedor 88",IF(G20<>I20,IF(G20>I20,E20,K20),IF(SUM(F20:G20)=SUM(I20:J20),"Vencedor 88",IF(SUM(F20:G20)>SUM(I20:J20),E20,K20)))) -> Vencedor 88 | N20: 88 | T20: 1G | U20: =U19+5 -> 41 | AI20: =IF(OR(AC19="",AE19=""),"4º Lugar",IF(AC19<>AE19,IF(AC19<AE19,AA19,AG19),IF(SUM(AB19:AC19)=SUM(AE19:AF19),"4º Lugar",IF(SUM(AB19:AC19)<SUM(AE19:AF19),AA19,AG19)))) -> 4º Lugar
T21: 2G | U21: =U20+1 -> 42
T22: 1H | U22: =U21+5 -> 47
B23: Oitavas de Final | T23: 2H | U23: =U22+1 -> 48 | X23: FINAL
C24: Data | D24: Hora | E24: Seleção | G24: Placar | J24: Seleção | T24: 1I | U24: =U23+5 -> 53 | Y24: Data | Z24: Hora | AA24: Seleção | AC24: Placar | AF24: Seleção
B25: 89 | C25: 46207 | D25: 15.00 | E25: =M6 -> Paraguai | H25: x | K25: =M9 -> França | L25: =IF(OR(G25="",I25=""),"",IF(G25=I25,"emp","")) | M25: =IF(OR(G25="",I25=""),"Vencedor 89",IF(G25<>I25,IF(G25>I25,E25,K25),IF(SUM(F25:G25)=SUM(I25:J25),"Vencedor 89",IF(SUM(F25:G25)>SUM(I25:J25),E25,K25)))) -> Vencedor 89 | N25: 89 | T25: 2I | U25: =U24+1 -> 54 | X25: 1º | Y25: 46222 | Z25: 12.00 | AA25: =AI13 -> Vencedor S1 | AD25: x | AG25: =AI14 -> Vencedor S2 | AH25: =IF(OR(AC25="",AE25=""),"",IF(AC25=AE25,"emp","")) | AI25: =IF(OR(AC25="",AE25=""),"1º Lugar",IF(AC25<>AE25,IF(AC25>AE25,AA25,AG25),IF(SUM(AB25:AC25)=SUM(AE25:AF25),"1º Lugar",IF(SUM(AB25:AC25)>SUM(AE25:AF25),AA25,AG25)))) -> 1º Lugar
B26: 90 | C26: 46207 | D26: 11.00 | E26: =M5 -> Canadá | H26: x | K26: =M7 -> Marrocos | L26: =IF(OR(G26="",I26=""),"",IF(G26=I26,"emp","")) | M26: =IF(OR(G26="",I26=""),"Vencedor 90",IF(G26<>I26,IF(G26>I26,E26,K26),IF(SUM(F26:G26)=SUM(I26:J26),"Vencedor 90",IF(SUM(F26:G26)>SUM(I26:J26),E26,K26)))) -> Vencedor 90 | N26: 90 | T26: 1J | U26: =U25+5 -> 59
B27: 91 | C27: 46208 | D27: 11.00 | E27: =M8 -> Brasil | H27: x | K27: =M10 -> Noruega | L27: =IF(OR(G27="",I27=""),"",IF(G27=I27,"emp","")) | M27: =IF(OR(G27="",I27=""),"Vencedor 91",IF(G27<>I27,IF(G27>I27,E27,K27),IF(SUM(F27:G27)=SUM(I27:J27),"Vencedor 91",IF(SUM(F27:G27)>SUM(I27:J27),E27,K27)))) -> Vencedor 91 | N27: 91 | T27: 2J | U27: =U26+1 -> 60
B28: 92 | C28: 46208 | D28: 15.00 | E28: =M11 -> México | H28: x | K28: =M12 -> Inglaterra | L28: =IF(OR(G28="",I28=""),"",IF(G28=I28,"emp","")) | M28: =IF(OR(G28="",I28=""),"Vencedor 92",IF(G28<>I28,IF(G28>I28,E28,K28),IF(SUM(F28:G28)=SUM(I28:J28),"Vencedor 92",IF(SUM(F28:G28)>SUM(I28:J28),E28,K28)))) -> Vencedor 92 | N28: 92 | T28: 1K | U28: =U27+5 -> 65 | AD28: Apoio
B29: 93 | C29: 46209 | D29: 11.00 | E29: =M15 -> Vencedor 83 | H29: x | K29: =M16 -> Vencedor 84 | L29: =IF(OR(G29="",I29=""),"",IF(G29=I29,"emp","")) | M29: =IF(OR(G29="",I29=""),"Vencedor 93",IF(G29<>I29,IF(G29>I29,E29,K29),IF(SUM(F29:G29)=SUM(I29:J29),"Vencedor 93",IF(SUM(F29:G29)>SUM(I29:J29),E29,K29)))) -> Vencedor 93 | N29: 93 | T29: 2K | U29: =U28+1 -> 66
B30: 94 | C30: 46209 | D30: 15.00 | E30: =M13 -> Estados Unidos | H30: x | K30: =M14 -> Bélgica | L30: =IF(OR(G30="",I30=""),"",IF(G30=I30,"emp","")) | M30: =IF(OR(G30="",I30=""),"Vencedor 94",IF(G30<>I30,IF(G30>I30,E30,K30),IF(SUM(F30:G30)=SUM(I30:J30),"Vencedor 94",IF(SUM(F30:G30)>SUM(I30:J30),E30,K30)))) -> Vencedor 94 | N30: 94 | T30: 1L | U30: =U29+5 -> 71
B31: 95 | C31: 46210 | D31: 11.00 | E31: =M18 -> Vencedor 86 | H31: x | K31: =M20 -> Vencedor 88 | L31: =IF(OR(G31="",I31=""),"",IF(G31=I31,"emp","")) | M31: =IF(OR(G31="",I31=""),"Vencedor 95",IF(G31<>I31,IF(G31>I31,E31,K31),IF(SUM(F31:G31)=SUM(I31:J31),"Vencedor 95",IF(SUM(F31:G31)>SUM(I31:J31),E31,K31)))) -> Vencedor 95 | N31: 95 | T31: 2L | U31: =U30+1 -> 72
B32: 96 | C32: 46210 | D32: 15.00 | E32: =M17 -> Vencedor 85 | H32: x | K32: =M19 -> Vencedor 87 | L32: =IF(OR(G32="",I32=""),"",IF(G32=I32,"emp","")) | M32: =IF(OR(G32="",I32=""),"Vencedor 96",IF(G32<>I32,IF(G32>I32,E32,K32),IF(SUM(F32:G32)=SUM(I32:J32),"Vencedor 96",IF(SUM(F32:G32)>SUM(I32:J32),E32,K32)))) -> Vencedor 96 | N32: 96
X34: 🥇 | Y34: Campeão | AB34: =IF(AI25="1º Lugar","",AI25)
X35: 🥈 | Y35: Vice-Campeão | AB35: =IF(M57="2º Lugar","",M57)
X36: 🥉 | Y36: 3º Lugar | AB36: =IF(AI19="3º Lugar","",AI19)
M57: =IF(OR(AC25="",AE25=""),"2º Lugar",IF(AC25<>AE25,IF(AC25<AE25,AA25,AG25),IF(SUM(AB25:AC25)=SUM(AE25:AF25),"2º Lugar",IF(SUM(AB25:AC25)<SUM(AE25:AF25),AA25,AG25)))) -> 2º Lugar

Sheet Confederações
B3: UEFA | C3: União das Associações Europeias de Futebol
C4: Alemanha
C5: Austria
C6: Bélgica
C7: Bósnia | D7: Alemanha | F7: Austria | H7: Bélgica | J7: Bósnia | L7: Croacia | N7: Escócia
C8: Croacia
C9: Escócia
C10: Espanha
C11: França
C12: Inglaterra | D12: Espanha | F12: França | H12: Holanda | J12: Inglaterra | L12: Noruega | N12: Portugal
C13: Noruega
C14: Países Baixos
C15: Portugal
C16: República Tcheca
C17: Suécia | D17: República Tcheca | F17: Suécia | H17: Suiça | J17: Turquia
C18: Suiça
C19: Turquia
B22: CONMEBOL | C22: Confederação Sul-Americana de Futebol
C23: Argentina
C24: Brasil
C25: Colômbia
C26: Equador | D26: Argentina | F26: Brasil | H26: Colômbia | J26: Equador | L26: Paraguai | N26: Uruguai
C27: Paraguai
C28: Uruguai
B34: AFC | C34: Confederação Asiática de Futebol
C35: Arabia Saudita
C36: Austrália
C37: Coreia do Sul
C38: Irã | D38: Arabia Saudita | F38: Austrália | H38: Coreia do Sul | J38: Irã | L38: Iraque | N38: Japão
C39: Iraque
C40: Japão
C41: Jordânia
C42: Qatar
C43: Uzbequistão | D43: Jordânia | F43: Qatar | H43: Uzbequistão
B46: CAF | C46: Confederação Africana de Futebol
C47: Africa do Sul
C48: Argélia
C49: Cabo Verde
C50: Congo | D50: Africa do Sul | F50: Argélia | H50: Cabo Verde | J50: Congo | L50: Costa do Marfim
C51: Costa do Marfim
C52: Egito
C53: Gana
C54: Marrocos
C55: Senegal | D55: Egito | F55: Gana | H55: Marrocos | J55: Senegal | L55: Tunisia
C56: Tunisia
B58: CONCACAF | C58: Confederação de Futebol de Associação da América do Norte, Central e Caribe
C59: Canadá
C60: Curaçao
C61: Estados Unidos
C62: Haiti | D62: Canadá | F62: Curaçao | H62: Estados Unidos | J62: Haiti | L62: México | N62: Panamá
C63: México
C64: Panama
B68: OFC | C68: Confederação de Futebol da Oceania
C70: Nova Zelandia
D73: Nova Zelândia
